VBVID,VehicleLenght,VehicleSpeed,VehicleWeight,VehicleAxles,VehicleAxleWeight01,VehicleAxleWeight02,VehicleAxleWeight03,VehicleAxleWeight04,VehicleAxleWeight05,VehicleAxleWeight06,VehicleAxleWeight07,VehicleAxleWeight08,VehicleAxleWeight09,VehicleAxleWeight10,VehicleAxleWeight11,VehileAxelDistance0102,VehileAxelDistance0203,VehileAxelDistance0304,VehileAxelDistance0405,VehileAxelDistance0506,VehileAxelDistance0607,VehileAxelDistance0708,VehileAxelDistance0809,VehileAxelDistance0910,VehileAxelDistance1011
4903321,4300,101,1760,2,960,800,0,0,0,0,0,0,0,0,0,2600,0,0,0,0,0,0,0,0,0
4903322,4400,86,590,2,300,290,0,0,0,0,0,0,0,0,0,2700,0,0,0,0,0,0,0,0,0
4903323,11100,78,7900,2,2900,5000,0,0,0,0,0,0,0,0,0,6300,0,0,0,0,0,0,0,0,0
4903324,4100,101,1180,2,710,470,0,0,0,0,0,0,0,0,0,2450,0,0,0,0,0,0,0,0,0
4903325,4200,105,1500,2,870,630,0,0,0,0,0,0,0,0,0,2600,0,0,0,0,0,0,0,0,0
4903326,4200,106,660,2,390,270,0,0,0,0,0,0,0,0,0,2650,0,0,0,0,0,0,0,0,0
4903327,6800,83,2630,2,1140,1490,0,0,0,0,0,0,0,0,0,3850,0,0,0,0,0,0,0,0,0
4903328,3800,136,380,2,30,350,0,0,0,0,0,0,0,0,0,2650,0,0,0,0,0,0,0,0,0
4903329,4400,131,900,2,490,410,0,0,0,0,0,0,0,0,0,2500,0,0,0,0,0,0,0,0,0
4903330,4400,117,540,2,310,230,0,0,0,0,0,0,0,0,0,2500,0,0,0,0,0,0,0,0,0
4903331,4000,113,860,2,540,320,0,0,0,0,0,0,0,0,0,2350,0,0,0,0,0,0,0,0,0
4903332,4200,122,1290,2,700,590,0,0,0,0,0,0,0,0,0,2650,0,0,0,0,0,0,0,0,0
4903333,4300,121,1660,2,980,680,0,0,0,0,0,0,0,0,0,2800,0,0,0,0,0,0,0,0,0
4903334,9100,77,15300,3,3600,6400,5300,0,0,0,0,0,0,0,0,4700,1300,0,0,0,0,0,0,0,0
4903335,4400,90,990,2,590,400,0,0,0,0,0,0,0,0,0,2450,0,0,0,0,0,0,0,0,0
4903336,4400,116,720,2,440,280,0,0,0,0,0,0,0,0,0,2600,0,0,0,0,0,0,0,0,0
4903337,9000,74,16000,3,3900,5600,6500,0,0,0,0,0,0,0,0,4700,1350,0,0,0,0,0,0,0,0
4903338,4100,91,1370,2,870,500,0,0,0,0,0,0,0,0,0,2300,0,0,0,0,0,0,0,0,0
4903339,4500,95,950,2,560,390,0,0,0,0,0,0,0,0,0,2400,0,0,0,0,0,0,0,0,0
4903340,4000,99,1180,2,720,460,0,0,0,0,0,0,0,0,0,2450,0,0,0,0,0,0,0,0,0
4903341,4400,114,610,2,370,240,0,0,0,0,0,0,0,0,0,2400,0,0,0,0,0,0,0,0,0
4903342,17000,77,37600,6,4400,6900,6300,6400,7200,6400,0,0,0,0,0,3550,1250,6250,1250,1200,0,0,0,0,0
4903343,4100,120,1150,2,670,480,0,0,0,0,0,0,0,0,0,2600,0,0,0,0,0,0,0,0,0
4903344,15800,86,11000,4,2900,4500,2100,1500,0,0,0,0,0,0,0,3500,8200,1200,0,0,0,0,0,0,0
4903345,4000,89,1090,2,640,450,0,0,0,0,0,0,0,0,0,2450,0,0,0,0,0,0,0,0,0
4903346,4200,103,1930,2,1120,810,0,0,0,0,0,0,0,0,0,2700,0,0,0,0,0,0,0,0,0
4903347,8000,63,6330,3,2110,2120,2100,0,0,0,0,0,0,0,0,4800,1300,0,0,0,0,0,0,0,0
4903348,4500,103,1300,2,620,680,0,0,0,0,0,0,0,0,0,2500,0,0,0,0,0,0,0,0,0
4903349,17600,87,33000,7,3700,4600,5200,5300,5100,5200,3900,0,0,0,0,3500,1350,5450,1200,3300,1200,0,0,0,0
4903350,4100,110,1050,2,520,530,0,0,0,0,0,0,0,0,0,3050,0,0,0,0,0,0,0,0,0
4903351,4100,104,1170,2,540,630,0,0,0,0,0,0,0,0,0,2550,0,0,0,0,0,0,0,0,0
4903352,3300,79,450,2,270,180,0,0,0,0,0,0,0,0,0,2450,0,0,0,0,0,0,0,0,0
4903353,4500,87,1190,2,670,520,0,0,0,0,0,0,0,0,0,2400,0,0,0,0,0,0,0,0,0
4903354,4300,105,1200,2,710,490,0,0,0,0,0,0,0,0,0,2750,0,0,0,0,0,0,0,0,0
4903355,4400,116,700,2,420,280,0,0,0,0,0,0,0,0,0,2400,0,0,0,0,0,0,0,0,0
4903356,19000,79,44400,7,4400,8200,5400,6500,6900,6200,6800,0,0,0,0,3650,1250,5250,1200,3350,1250,0,0,0,0
4903357,17400,87,37400,6,3800,5600,4700,7700,7700,7900,0,0,0,0,0,3350,1350,5250,2400,2400,0,0,0,0,0
4903358,15000,100,15900,6,2400,3100,2400,1600,2900,3500,0,0,0,0,0,3500,1300,5500,1200,1200,0,0,0,0,0
4903359,19000,81,40900,7,4500,5000,5600,5500,6800,6700,6800,0,0,0,0,3600,1350,5250,1200,3550,1200,0,0,0,0
4903360,4500,92,1200,2,750,450,0,0,0,0,0,0,0,0,0,2450,0,0,0,0,0,0,0,0,0
4903361,4100,105,1410,2,870,540,0,0,0,0,0,0,0,0,0,2600,0,0,0,0,0,0,0,0,0
4903362,4500,93,2150,2,1260,890,0,0,0,0,0,0,0,0,0,2600,0,0,0,0,0,0,0,0,0
4903363,9900,82,13900,3,3800,5900,4200,0,0,0,0,0,0,0,0,5150,1350,0,0,0,0,0,0,0,0
4903364,4300,86,960,2,900,60,0,0,0,0,0,0,0,0,0,2500,0,0,0,0,0,0,0,0,0
4903365,4500,85,1210,2,710,500,0,0,0,0,0,0,0,0,0,2650,0,0,0,0,0,0,0,0,0
4903366,4500,104,1250,2,710,540,0,0,0,0,0,0,0,0,0,2550,0,0,0,0,0,0,0,0,0
4903367,8500,67,8000,3,3100,2500,2400,0,0,0,0,0,0,0,0,4700,1350,0,0,0,0,0,0,0,0
4903368,4500,84,1420,2,870,550,0,0,0,0,0,0,0,0,0,2400,0,0,0,0,0,0,0,0,0
4903369,4000,81,1320,2,800,520,0,0,0,0,0,0,0,0,0,2650,0,0,0,0,0,0,0,0,0
4903370,4500,98,840,2,570,270,0,0,0,0,0,0,0,0,0,2450,0,0,0,0,0,0,0,0,0
4903371,10200,76,6300,2,2600,3700,0,0,0,0,0,0,0,0,0,7250,0,0,0,0,0,0,0,0,0
4903372,4400,99,1480,2,890,590,0,0,0,0,0,0,0,0,0,2550,0,0,0,0,0,0,0,0,0
4903373,8900,75,18700,3,4700,7500,6500,0,0,0,0,0,0,0,0,5100,1350,0,0,0,0,0,0,0,0
4903374,4100,93,1180,2,590,590,0,0,0,0,0,0,0,0,0,2550,0,0,0,0,0,0,0,0,0
4903375,4100,94,1420,2,880,540,0,0,0,0,0,0,0,0,0,2500,0,0,0,0,0,0,0,0,0
4903376,4300,87,1160,2,730,430,0,0,0,0,0,0,0,0,0,2500,0,0,0,0,0,0,0,0,0
4903377,4100,101,1440,2,840,600,0,0,0,0,0,0,0,0,0,2600,0,0,0,0,0,0,0,0,0
4903378,4000,99,1020,2,620,400,0,0,0,0,0,0,0,0,0,2350,0,0,0,0,0,0,0,0,0
4903379,9300,91,8000,2,3100,4900,0,0,0,0,0,0,0,0,0,5100,0,0,0,0,0,0,0,0,0
4903380,4500,93,1200,2,660,540,0,0,0,0,0,0,0,0,0,2350,0,0,0,0,0,0,0,0,0
4903381,15200,77,13200,4,2900,5800,2800,1700,0,0,0,0,0,0,0,3450,8100,1250,0,0,0,0,0,0,0
4903382,4400,101,770,2,390,380,0,0,0,0,0,0,0,0,0,2450,0,0,0,0,0,0,0,0,0
4903383,15100,73,14200,4,4200,3100,4600,2300,0,0,0,0,0,0,0,3600,6650,1250,0,0,0,0,0,0,0
4903384,7200,92,8100,2,1600,6500,0,0,0,0,0,0,0,0,0,4100,0,0,0,0,0,0,0,0,0
4903385,19200,87,16900,6,4500,2700,2700,2100,2100,2800,0,0,0,0,0,4900,1350,4800,1250,4700,0,0,0,0,0
4903386,4900,100,1020,2,500,520,0,0,0,0,0,0,0,0,0,3150,0,0,0,0,0,0,0,0,0
4903387,5200,97,2510,2,1310,1200,0,0,0,0,0,0,0,0,0,2950,0,0,0,0,0,0,0,0,0
4903388,4400,95,1630,2,820,810,0,0,0,0,0,0,0,0,0,2600,0,0,0,0,0,0,0,0,0
4903389,4200,100,1030,2,540,490,0,0,0,0,0,0,0,0,0,2450,0,0,0,0,0,0,0,0,0
4903390,4400,103,1070,2,630,440,0,0,0,0,0,0,0,0,0,2500,0,0,0,0,0,0,0,0,0
4903391,4200,99,1920,2,830,1090,0,0,0,0,0,0,0,0,0,2700,0,0,0,0,0,0,0,0,0
4903392,8700,85,8400,3,2900,3600,1900,0,0,0,0,0,0,0,0,5150,1200,0,0,0,0,0,0,0,0
4903393,15500,77,13100,4,3400,4900,2700,2100,0,0,0,0,0,0,0,3500,8000,1250,0,0,0,0,0,0,0
4903394,18300,84,15600,4,3500,6300,3000,2800,0,0,0,0,0,0,0,3650,9700,1200,0,0,0,0,0,0,0
4903395,17700,82,10600,4,3600,2600,2700,1700,0,0,0,0,0,0,0,3700,8550,1250,0,0,0,0,0,0,0
4903396,4000,103,600,2,390,210,0,0,0,0,0,0,0,0,0,2450,0,0,0,0,0,0,0,0,0
4903397,4100,122,1080,2,600,480,0,0,0,0,0,0,0,0,0,2550,0,0,0,0,0,0,0,0,0
4903398,18000,84,45600,7,4200,8400,6400,6400,6600,7200,6400,0,0,0,0,3250,1300,4250,1200,3500,1200,0,0,0,0
4903399,7600,77,5300,2,1700,3600,0,0,0,0,0,0,0,0,0,4700,0,0,0,0,0,0,0,0,0
4903400,4100,100,830,2,520,310,0,0,0,0,0,0,0,0,0,2450,0,0,0,0,0,0,0,0,0
4903401,4500,89,1210,2,750,460,0,0,0,0,0,0,0,0,0,2450,0,0,0,0,0,0,0,0,0
4903402,4000,97,1480,2,800,680,0,0,0,0,0,0,0,0,0,2500,0,0,0,0,0,0,0,0,0
4903403,4100,86,2120,2,1180,940,0,0,0,0,0,0,0,0,0,2550,0,0,0,0,0,0,0,0,0
4903404,3800,90,470,2,280,190,0,0,0,0,0,0,0,0,0,2350,0,0,0,0,0,0,0,0,0
4903405,9000,85,4300,2,1200,3100,0,0,0,0,0,0,0,0,0,4750,0,0,0,0,0,0,0,0,0
4903406,4000,99,1160,2,730,430,0,0,0,0,0,0,0,0,0,2500,0,0,0,0,0,0,0,0,0
4903407,7000,74,2090,2,680,1410,0,0,0,0,0,0,0,0,0,4450,0,0,0,0,0,0,0,0,0
4903408,5000,87,2380,2,1400,980,0,0,0,0,0,0,0,0,0,2950,0,0,0,0,0,0,0,0,0
4903409,8300,99,7600,3,2400,3200,2000,0,0,0,0,0,0,0,0,4750,1200,0,0,0,0,0,0,0,0
4903410,8700,95,6200,2,2100,4100,0,0,0,0,0,0,0,0,0,4750,0,0,0,0,0,0,0,0,0
4903411,4100,109,500,2,310,190,0,0,0,0,0,0,0,0,0,2450,0,0,0,0,0,0,0,0,0
4903412,9600,85,13800,3,3500,5200,5100,0,0,0,0,0,0,0,0,5050,1200,0,0,0,0,0,0,0,0
4903413,4100,89,1570,2,940,630,0,0,0,0,0,0,0,0,0,2650,0,0,0,0,0,0,0,0,0
4903414,4000,113,1430,2,800,630,0,0,0,0,0,0,0,0,0,2450,0,0,0,0,0,0,0,0,0
4903415,5600,67,3260,2,1400,1860,0,0,0,0,0,0,0,0,0,3100,0,0,0,0,0,0,0,0,0
4903416,4400,99,530,2,340,190,0,0,0,0,0,0,0,0,0,2450,0,0,0,0,0,0,0,0,0
4903417,8300,94,5100,2,2000,3100,0,0,0,0,0,0,0,0,0,4350,0,0,0,0,0,0,0,0,0
4903418,4400,98,1390,2,810,580,0,0,0,0,0,0,0,0,0,2450,0,0,0,0,0,0,0,0,0
4903419,15600,76,10700,5,3300,2100,1200,2200,1900,0,0,0,0,0,0,3500,1300,6900,1200,0,0,0,0,0,0
4903420,7300,77,8000,3,3000,2900,2100,0,0,0,0,0,0,0,0,4150,1200,0,0,0,0,0,0,0,0
4903421,4400,89,1390,2,690,700,0,0,0,0,0,0,0,0,0,2400,0,0,0,0,0,0,0,0,0
4903422,9100,74,16400,3,2800,6200,7400,0,0,0,0,0,0,0,0,4700,1250,0,0,0,0,0,0,0,0
4903423,11900,87,11600,2,3700,7900,0,0,0,0,0,0,0,0,0,5900,0,0,0,0,0,0,0,0,0
4903424,8600,83,5980,3,2000,2380,1600,0,0,0,0,0,0,0,0,4750,1350,0,0,0,0,0,0,0,0
4903425,4000,106,1130,2,670,460,0,0,0,0,0,0,0,0,0,2500,0,0,0,0,0,0,0,0,0
4903426,4500,106,1780,2,1030,750,0,0,0,0,0,0,0,0,0,2700,0,0,0,0,0,0,0,0,0
4903427,3900,104,1010,2,590,420,0,0,0,0,0,0,0,0,0,2350,0,0,0,0,0,0,0,0,0
4903428,4400,107,1680,2,820,860,0,0,0,0,0,0,0,0,0,2650,0,0,0,0,0,0,0,0,0
4903429,4000,93,760,2,470,290,0,0,0,0,0,0,0,0,0,2450,0,0,0,0,0,0,0,0,0
4903430,18100,78,11900,4,2300,5700,1800,2100,0,0,0,0,0,0,0,3050,9950,2350,0,0,0,0,0,0,0
4903431,25500,69,20600,7,4400,2800,2600,3200,2400,3200,2000,0,0,0,0,3600,1350,6700,1250,7150,1250,0,0,0,0
4903432,200,69,18700,7,3900,2300,2300,2900,2200,3100,2000,0,0,0,0,3600,1350,6700,1200,7150,1250,0,0,0,0
4903433,300,69,20300,7,4200,2800,3000,3200,2200,2800,2100,0,0,0,0,3600,1300,6700,1250,7150,1250,0,0,0,0
4903434,4200,108,670,2,390,280,0,0,0,0,0,0,0,0,0,2450,0,0,0,0,0,0,0,0,0
4903435,7000,71,16600,3,4500,5600,6500,0,0,0,0,0,0,0,0,3500,1200,0,0,0,0,0,0,0,0
4903436,4000,95,580,2,340,240,0,0,0,0,0,0,0,0,0,2300,0,0,0,0,0,0,0,0,0
4903437,6700,72,17700,3,3600,6500,7600,0,0,0,0,0,0,0,0,4100,1200,0,0,0,0,0,0,0,0
4903438,1600,87,230,2,60,170,0,0,0,0,0,0,0,0,0,1300,0,0,0,0,0,0,0,0,0
4903439,4000,90,1060,2,650,410,0,0,0,0,0,0,0,0,0,2350,0,0,0,0,0,0,0,0,0
4903440,4000,95,1540,2,860,680,0,0,0,0,0,0,0,0,0,2500,0,0,0,0,0,0,0,0,0
4903441,19200,79,48300,7,3400,8900,8300,6200,8200,5700,7600,0,0,0,0,3250,1300,5050,1200,3750,1200,0,0,0,0
4903442,7800,84,6470,3,2110,2360,2000,0,0,0,0,0,0,0,0,5400,1350,0,0,0,0,0,0,0,0
4903443,4000,94,950,2,580,370,0,0,0,0,0,0,0,0,0,2350,0,0,0,0,0,0,0,0,0
4903444,4300,75,1610,2,1000,610,0,0,0,0,0,0,0,0,0,2700,0,0,0,0,0,0,0,0,0
4903445,4300,69,630,2,380,250,0,0,0,0,0,0,0,0,0,2300,0,0,0,0,0,0,0,0,0
4903446,3900,103,1010,2,580,430,0,0,0,0,0,0,0,0,0,2350,0,0,0,0,0,0,0,0,0
4903447,8000,84,7600,2,3700,3900,0,0,0,0,0,0,0,0,0,4800,0,0,0,0,0,0,0,0,0
4903448,11300,87,29200,4,5200,4600,10300,9100,0,0,0,0,0,0,0,1950,4350,1350,0,0,0,0,0,0,0
4903449,8300,84,5200,2,1900,3300,0,0,0,0,0,0,0,0,0,4700,0,0,0,0,0,0,0,0,0
4903450,4100,89,1290,2,730,560,0,0,0,0,0,0,0,0,0,2350,0,0,0,0,0,0,0,0,0
4903451,4300,83,2320,2,1270,1050,0,0,0,0,0,0,0,0,0,2950,0,0,0,0,0,0,0,0,0
4903452,12600,95,8600,3,3400,2700,2500,0,0,0,0,0,0,0,0,6750,1200,0,0,0,0,0,0,0,0
4903453,4400,89,860,2,450,410,0,0,0,0,0,0,0,0,0,2450,0,0,0,0,0,0,0,0,0
4903454,15700,74,30100,6,4300,5100,4300,5500,5700,5200,0,0,0,0,0,3250,1250,5350,1200,1200,0,0,0,0,0
4903455,4100,96,640,2,380,260,0,0,0,0,0,0,0,0,0,2350,0,0,0,0,0,0,0,0,0
4903456,4600,80,7600,2,3800,3800,0,0,0,0,0,0,0,0,0,3700,0,0,0,0,0,0,0,0,0
4903457,22100,79,6300,2,3100,3200,0,0,0,0,0,0,0,0,0,1200,0,0,0,0,0,0,0,0,0
4903458,4400,54,2000,2,850,1150,0,0,0,0,0,0,0,0,0,2400,0,0,0,0,0,0,0,0,0
4903459,4000,84,700,2,390,310,0,0,0,0,0,0,0,0,0,2350,0,0,0,0,0,0,0,0,0
4903460,4000,102,1120,2,640,480,0,0,0,0,0,0,0,0,0,2600,0,0,0,0,0,0,0,0,0
4903461,4100,84,930,2,590,340,0,0,0,0,0,0,0,0,0,2450,0,0,0,0,0,0,0,0,0
4903462,18000,82,52300,7,5900,7900,12800,5300,5400,7800,7200,0,0,0,0,4550,1300,4700,1200,3150,1250,0,0,0,0
4903463,16900,74,42800,6,4600,7600,6500,8800,7900,7400,0,0,0,0,0,3450,1300,4700,2350,2400,0,0,0,0,0
4903464,4000,110,880,2,540,340,0,0,0,0,0,0,0,0,0,2500,0,0,0,0,0,0,0,0,0
4903465,17100,74,46100,6,3900,8800,6400,9400,9000,8600,0,0,0,0,0,4200,1350,4750,2350,2350,0,0,0,0,0
4903466,4600,105,1080,2,590,490,0,0,0,0,0,0,0,0,0,3050,0,0,0,0,0,0,0,0,0
4903467,4200,100,980,2,460,520,0,0,0,0,0,0,0,0,0,2650,0,0,0,0,0,0,0,0,0
4903468,4000,130,1420,2,860,560,0,0,0,0,0,0,0,0,0,2450,0,0,0,0,0,0,0,0,0
4903469,4400,86,8200,2,4100,4100,0,0,0,0,0,0,0,0,0,3550,0,0,0,0,0,0,0,0,0
4903470,23200,86,6800,2,3100,3700,0,0,0,0,0,0,0,0,0,1200,0,0,0,0,0,0,0,0,0
4903471,4500,76,10300,2,4900,5400,0,0,0,0,0,0,0,0,0,3650,0,0,0,0,0,0,0,0,0
4903472,22300,77,7900,2,3800,4100,0,0,0,0,0,0,0,0,0,1250,0,0,0,0,0,0,0,0,0
4903473,6200,70,1730,3,600,700,430,0,0,0,0,0,0,0,0,2400,2600,0,0,0,0,0,0,0,0
4903474,4200,90,680,2,410,270,0,0,0,0,0,0,0,0,0,2300,0,0,0,0,0,0,0,0,0
4903475,4100,72,520,2,330,190,0,0,0,0,0,0,0,0,0,2350,0,0,0,0,0,0,0,0,0
4903476,4200,99,1000,2,640,360,0,0,0,0,0,0,0,0,0,2450,0,0,0,0,0,0,0,0,0
4903477,4400,81,8700,2,4500,4200,0,0,0,0,0,0,0,0,0,3550,0,0,0,0,0,0,0,0,0
4903478,22700,81,6200,2,2700,3500,0,0,0,0,0,0,0,0,0,1250,0,0,0,0,0,0,0,0,0
4903479,4000,116,570,2,250,320,0,0,0,0,0,0,0,0,0,2800,0,0,0,0,0,0,0,0,0
4903480,4600,73,7500,2,4200,3300,0,0,0,0,0,0,0,0,0,3650,0,0,0,0,0,0,0,0,0
4903481,21600,73,4790,2,2280,2510,0,0,0,0,0,0,0,0,0,1150,0,0,0,0,0,0,0,0,0
4903482,15100,83,31500,5,4900,8300,7000,5400,5900,0,0,0,0,0,0,3700,5650,1200,1200,0,0,0,0,0,0
4903483,16200,87,32200,5,4400,8100,4900,7500,7300,0,0,0,0,0,0,4600,1250,6300,1250,0,0,0,0,0,0
4903484,20200,72,15300,5,4900,5200,2100,2000,1100,0,0,0,0,0,0,3700,11300,1350,1350,0,0,0,0,0,0
4903485,9800,84,12200,2,4000,8200,0,0,0,0,0,0,0,0,0,5900,0,0,0,0,0,0,0,0,0
4903486,4200,102,970,2,570,400,0,0,0,0,0,0,0,0,0,2350,0,0,0,0,0,0,0,0,0
4903487,4400,92,470,2,270,200,0,0,0,0,0,0,0,0,0,2450,0,0,0,0,0,0,0,0,0
4903488,18600,73,14600,5,4000,1900,2200,3900,2600,0,0,0,0,0,0,3600,1350,6250,4900,0,0,0,0,0,0
4903489,7400,74,5200,2,2200,3000,0,0,0,0,0,0,0,0,0,4400,0,0,0,0,0,0,0,0,0
4903490,4100,112,690,2,410,280,0,0,0,0,0,0,0,0,0,2500,0,0,0,0,0,0,0,0,0
4903491,4000,93,1830,2,1010,820,0,0,0,0,0,0,0,0,0,2450,0,0,0,0,0,0,0,0,0
4903492,4100,104,910,2,570,340,0,0,0,0,0,0,0,0,0,2400,0,0,0,0,0,0,0,0,0
4903493,4000,81,22400,9,3600,3300,2800,1800,2400,2800,1700,1700,2300,0,0,3650,1400,8600,1250,1200,7100,1250,1250,0,0
4903494,8800,83,7300,2,3200,4100,0,0,0,0,0,0,0,0,0,4750,0,0,0,0,0,0,0,0,0
4903495,18500,84,11600,5,2700,3300,1700,1800,2100,0,0,0,0,0,0,3700,7200,1200,1250,0,0,0,0,0,0
4903496,17900,75,14600,4,2800,5900,3500,2400,0,0,0,0,0,0,0,3600,8700,1200,0,0,0,0,0,0,0
4903497,4200,86,1180,2,670,510,0,0,0,0,0,0,0,0,0,2650,0,0,0,0,0,0,0,0,0
4903498,4300,103,920,2,480,440,0,0,0,0,0,0,0,0,0,2450,0,0,0,0,0,0,0,0,0
4903499,11500,79,4700,2,1600,3100,0,0,0,0,0,0,0,0,0,7400,0,0,0,0,0,0,0,0,0
4903500,4300,99,1000,2,540,460,0,0,0,0,0,0,0,0,0,2600,0,0,0,0,0,0,0,0,0
4903501,4200,95,1460,2,810,650,0,0,0,0,0,0,0,0,0,2800,0,0,0,0,0,0,0,0,0
4903502,3700,99,700,2,420,280,0,0,0,0,0,0,0,0,0,2500,0,0,0,0,0,0,0,0,0
4903503,9300,70,6800,2,2700,4100,0,0,0,0,0,0,0,0,0,5850,0,0,0,0,0,0,0,0,0
4903504,4400,85,1600,2,970,630,0,0,0,0,0,0,0,0,0,2450,0,0,0,0,0,0,0,0,0
4903505,4300,114,980,2,540,440,0,0,0,0,0,0,0,0,0,2600,0,0,0,0,0,0,0,0,0
4903506,4100,97,1660,2,980,680,0,0,0,0,0,0,0,0,0,2850,0,0,0,0,0,0,0,0,0
4903507,4300,95,920,2,520,400,0,0,0,0,0,0,0,0,0,2350,0,0,0,0,0,0,0,0,0
4903508,12500,88,9500,2,3100,6400,0,0,0,0,0,0,0,0,0,5950,0,0,0,0,0,0,0,0,0
4903509,1800,73,750,2,280,470,0,0,0,0,0,0,0,0,0,1500,0,0,0,0,0,0,0,0,0
4903510,15200,87,10000,4,2500,3600,2500,1400,0,0,0,0,0,0,0,3450,7850,1200,0,0,0,0,0,0,0
4903511,4200,101,920,2,570,350,0,0,0,0,0,0,0,0,0,2350,0,0,0,0,0,0,0,0,0
4903512,12700,76,20400,3,5900,7700,6800,0,0,0,0,0,0,0,0,7000,1200,0,0,0,0,0,0,0,0
4903513,4000,99,980,2,650,330,0,0,0,0,0,0,0,0,0,2400,0,0,0,0,0,0,0,0,0
4903514,4200,93,1180,2,640,540,0,0,0,0,0,0,0,0,0,2400,0,0,0,0,0,0,0,0,0
4903515,3200,161,1040,2,110,930,0,0,0,0,0,0,0,0,0,2250,0,0,0,0,0,0,0,0,0
4903516,17600,87,15100,4,3800,5400,3600,2300,0,0,0,0,0,0,0,3700,9150,1250,0,0,0,0,0,0,0
4903517,4200,101,1760,2,1040,720,0,0,0,0,0,0,0,0,0,2600,0,0,0,0,0,0,0,0,0
4903518,4400,103,1290,2,800,490,0,0,0,0,0,0,0,0,0,2550,0,0,0,0,0,0,0,0,0
4903519,4500,93,800,2,450,350,0,0,0,0,0,0,0,0,0,2450,0,0,0,0,0,0,0,0,0
4903520,4500,110,1930,2,1010,920,0,0,0,0,0,0,0,0,0,2450,0,0,0,0,0,0,0,0,0
4903521,7600,82,2640,2,1270,1370,0,0,0,0,0,0,0,0,0,4850,0,0,0,0,0,0,0,0,0
4903522,16000,73,14100,5,3200,4000,1700,2000,3200,0,0,0,0,0,0,4150,1300,6350,1200,0,0,0,0,0,0
4903523,12700,75,9100,3,2200,2600,4300,0,0,0,0,0,0,0,0,4550,5250,0,0,0,0,0,0,0,0
4903524,4400,93,1030,2,690,340,0,0,0,0,0,0,0,0,0,2450,0,0,0,0,0,0,0,0,0
4903525,15800,95,10400,4,3300,2900,2700,1500,0,0,0,0,0,0,0,4450,6900,1200,0,0,0,0,0,0,0
4903526,18500,82,55300,7,5200,8000,8500,8300,8600,8200,8500,0,0,0,0,3050,1300,5150,1200,3450,1200,0,0,0,0
4903527,4300,83,1610,2,1030,580,0,0,0,0,0,0,0,0,0,2450,0,0,0,0,0,0,0,0,0
4903528,4400,114,1400,2,800,600,0,0,0,0,0,0,0,0,0,2600,0,0,0,0,0,0,0,0,0
4903529,7800,83,5000,2,2100,2900,0,0,0,0,0,0,0,0,0,4250,0,0,0,0,0,0,0,0,0
4903530,4300,122,950,2,520,430,0,0,0,0,0,0,0,0,0,2450,0,0,0,0,0,0,0,0,0
4903531,4200,89,1000,2,600,400,0,0,0,0,0,0,0,0,0,2350,0,0,0,0,0,0,0,0,0
4903532,4300,103,920,2,530,390,0,0,0,0,0,0,0,0,0,2450,0,0,0,0,0,0,0,0,0
4903533,4000,90,1310,2,810,500,0,0,0,0,0,0,0,0,0,2400,0,0,0,0,0,0,0,0,0
4903534,4300,86,1250,2,720,530,0,0,0,0,0,0,0,0,0,2450,0,0,0,0,0,0,0,0,0
4903535,4400,96,1140,2,730,410,0,0,0,0,0,0,0,0,0,2750,0,0,0,0,0,0,0,0,0
4903536,3100,144,5200,2,100,5100,0,0,0,0,0,0,0,0,0,2150,0,0,0,0,0,0,0,0,0
4903537,13000,70,38200,6,2800,7300,5800,7000,7500,7800,0,0,0,0,0,4150,1250,3100,1200,1200,0,0,0,0,0
4903538,4200,100,1270,2,570,700,0,0,0,0,0,0,0,0,0,2550,0,0,0,0,0,0,0,0,0
4903539,6800,85,6500,2,3200,3300,0,0,0,0,0,0,0,0,0,4400,0,0,0,0,0,0,0,0,0
4903540,5200,83,8300,2,3500,4800,0,0,0,0,0,0,0,0,0,4200,0,0,0,0,0,0,0,0,0
4903541,21600,83,6100,2,3000,3100,0,0,0,0,0,0,0,0,0,1200,0,0,0,0,0,0,0,0,0
4903542,4400,93,920,2,580,340,0,0,0,0,0,0,0,0,0,2650,0,0,0,0,0,0,0,0,0
4903543,4200,113,1100,2,650,450,0,0,0,0,0,0,0,0,0,2650,0,0,0,0,0,0,0,0,0
4903544,4000,105,640,2,370,270,0,0,0,0,0,0,0,0,0,2350,0,0,0,0,0,0,0,0,0
4903545,4100,124,1000,2,450,550,0,0,0,0,0,0,0,0,0,2550,0,0,0,0,0,0,0,0,0
4903546,4100,91,760,2,390,370,0,0,0,0,0,0,0,0,0,2400,0,0,0,0,0,0,0,0,0
4903547,4000,116,1370,2,770,600,0,0,0,0,0,0,0,0,0,2600,0,0,0,0,0,0,0,0,0
4903548,4100,104,830,2,450,380,0,0,0,0,0,0,0,0,0,2650,0,0,0,0,0,0,0,0,0
4903549,9200,76,3610,4,1370,1520,260,460,0,0,0,0,0,0,0,2650,4000,900,0,0,0,0,0,0,0
4903550,4300,100,1360,2,790,570,0,0,0,0,0,0,0,0,0,2550,0,0,0,0,0,0,0,0,0
4903551,7300,71,4570,2,2250,2320,0,0,0,0,0,0,0,0,0,4100,0,0,0,0,0,0,0,0,0
4903552,4000,100,890,2,440,450,0,0,0,0,0,0,0,0,0,2450,0,0,0,0,0,0,0,0,0
4903553,4400,100,1300,2,740,560,0,0,0,0,0,0,0,0,0,2600,0,0,0,0,0,0,0,0,0
4903554,15300,72,15800,4,3700,6700,2900,2500,0,0,0,0,0,0,0,3500,8250,1200,0,0,0,0,0,0,0
4903555,4400,103,2040,2,1200,840,0,0,0,0,0,0,0,0,0,2650,0,0,0,0,0,0,0,0,0
4903556,9000,62,20300,3,5000,7700,7600,0,0,0,0,0,0,0,0,4750,1350,0,0,0,0,0,0,0,0
4903557,4200,91,1050,2,620,430,0,0,0,0,0,0,0,0,0,2350,0,0,0,0,0,0,0,0,0
4903558,3700,90,420,2,280,140,0,0,0,0,0,0,0,0,0,2350,0,0,0,0,0,0,0,0,0
4903559,15400,74,20200,5,2500,6100,3800,3200,4600,0,0,0,0,0,0,3500,5750,1200,1200,0,0,0,0,0,0
4903560,8800,77,3830,3,1450,1360,1020,0,0,0,0,0,0,0,0,5650,1250,0,0,0,0,0,0,0,0
4903561,4500,88,1280,2,790,490,0,0,0,0,0,0,0,0,0,2450,0,0,0,0,0,0,0,0,0
4903562,17000,76,14900,4,3500,5700,3200,2500,0,0,0,0,0,0,0,4250,8600,1250,0,0,0,0,0,0,0
4903563,4000,95,950,2,410,540,0,0,0,0,0,0,0,0,0,2450,0,0,0,0,0,0,0,0,0
4903564,4000,77,1290,2,750,540,0,0,0,0,0,0,0,0,0,2700,0,0,0,0,0,0,0,0,0
4903565,15300,74,36700,5,4400,9900,7400,8000,7000,0,0,0,0,0,0,3500,6050,1200,1250,0,0,0,0,0,0
4903566,4400,98,1680,2,990,690,0,0,0,0,0,0,0,0,0,2350,0,0,0,0,0,0,0,0,0
4903567,4200,78,1100,2,630,470,0,0,0,0,0,0,0,0,0,2600,0,0,0,0,0,0,0,0,0
4903568,4300,78,580,2,340,240,0,0,0,0,0,0,0,0,0,2700,0,0,0,0,0,0,0,0,0
4903569,4000,91,1780,2,910,870,0,0,0,0,0,0,0,0,0,2450,0,0,0,0,0,0,0,0,0
4903570,19300,75,47300,7,4100,8000,6100,6500,6900,6600,9100,0,0,0,0,4200,1300,5250,1200,3250,1200,0,0,0,0
4903571,4500,104,1960,2,1120,840,0,0,0,0,0,0,0,0,0,2550,0,0,0,0,0,0,0,0,0
4903572,4600,82,14300,2,4400,9900,0,0,0,0,0,0,0,0,0,3700,0,0,0,0,0,0,0,0,0
4903573,21200,82,13500,2,6800,6700,0,0,0,0,0,0,0,0,0,1200,0,0,0,0,0,0,0,0,0
4903574,4300,99,1470,2,870,600,0,0,0,0,0,0,0,0,0,2550,0,0,0,0,0,0,0,0,0
4903575,3900,112,1070,2,590,480,0,0,0,0,0,0,0,0,0,2350,0,0,0,0,0,0,0,0,0
4903576,6700,100,3590,2,1520,2070,0,0,0,0,0,0,0,0,0,3700,0,0,0,0,0,0,0,0,0
4903577,4400,99,950,2,500,450,0,0,0,0,0,0,0,0,0,2400,0,0,0,0,0,0,0,0,0
4903578,4400,85,1130,2,640,490,0,0,0,0,0,0,0,0,0,2350,0,0,0,0,0,0,0,0,0
4903579,1700,110,360,2,100,260,0,0,0,0,0,0,0,0,0,1400,0,0,0,0,0,0,0,0,0
4903580,14000,90,10500,4,1700,4700,2200,1900,0,0,0,0,0,0,0,4450,5850,1200,0,0,0,0,0,0,0
4903581,10200,80,19400,4,3500,3300,6700,5900,0,0,0,0,0,0,0,2100,3750,1200,0,0,0,0,0,0,0
4903582,7500,81,5100,2,2800,2300,0,0,0,0,0,0,0,0,0,4750,0,0,0,0,0,0,0,0,0
4903583,4100,95,870,2,420,450,0,0,0,0,0,0,0,0,0,2700,0,0,0,0,0,0,0,0,0
4903584,4100,83,1040,2,620,420,0,0,0,0,0,0,0,0,0,2450,0,0,0,0,0,0,0,0,0
4903585,4400,97,1130,2,720,410,0,0,0,0,0,0,0,0,0,2450,0,0,0,0,0,0,0,0,0
4903586,4500,99,1330,2,770,560,0,0,0,0,0,0,0,0,0,2600,0,0,0,0,0,0,0,0,0
4903587,4000,95,1390,2,830,560,0,0,0,0,0,0,0,0,0,2500,0,0,0,0,0,0,0,0,0
4903588,4500,113,1040,2,730,310,0,0,0,0,0,0,0,0,0,3100,0,0,0,0,0,0,0,0,0
4903589,12200,92,16500,3,4500,6400,5600,0,0,0,0,0,0,0,0,6050,1350,0,0,0,0,0,0,0,0
4903590,4000,83,530,2,320,210,0,0,0,0,0,0,0,0,0,2350,0,0,0,0,0,0,0,0,0
4903591,4800,101,3480,2,1620,1860,0,0,0,0,0,0,0,0,0,2750,0,0,0,0,0,0,0,0,0
4903592,4200,105,1350,2,660,690,0,0,0,0,0,0,0,0,0,2650,0,0,0,0,0,0,0,0,0
4903593,4400,81,9200,2,5000,4200,0,0,0,0,0,0,0,0,0,3550,0,0,0,0,0,0,0,0,0
4903594,22400,82,8000,2,4300,3700,0,0,0,0,0,0,0,0,0,1250,0,0,0,0,0,0,0,0,0
4903595,4600,86,8800,2,4600,4200,0,0,0,0,0,0,0,0,0,3700,0,0,0,0,0,0,0,0,0
4903596,23100,86,7200,2,3200,4000,0,0,0,0,0,0,0,0,0,1250,0,0,0,0,0,0,0,0,0
4903597,4500,83,10400,2,5200,5200,0,0,0,0,0,0,0,0,0,3650,0,0,0,0,0,0,0,0,0
4903598,22600,84,8200,2,4100,4100,0,0,0,0,0,0,0,0,0,1200,0,0,0,0,0,0,0,0,0
4903599,4100,99,1070,2,610,460,0,0,0,0,0,0,0,0,0,2750,0,0,0,0,0,0,0,0,0
4903600,4400,105,1160,2,670,490,0,0,0,0,0,0,0,0,0,2750,0,0,0,0,0,0,0,0,0
4903601,4200,106,590,2,350,240,0,0,0,0,0,0,0,0,0,2500,0,0,0,0,0,0,0,0,0
4903602,4300,91,1200,2,680,520,0,0,0,0,0,0,0,0,0,2450,0,0,0,0,0,0,0,0,0
4903603,4400,88,3390,2,1370,2020,0,0,0,0,0,0,0,0,0,2350,0,0,0,0,0,0,0,0,0
4903604,4000,100,1180,2,700,480,0,0,0,0,0,0,0,0,0,2400,0,0,0,0,0,0,0,0,0
4903605,4500,102,680,2,430,250,0,0,0,0,0,0,0,0,0,2650,0,0,0,0,0,0,0,0,0
4903606,15700,77,27500,5,2000,6700,7100,6200,5500,0,0,0,0,0,0,4200,5800,1200,1250,0,0,0,0,0,0
4903607,4400,102,1250,2,710,540,0,0,0,0,0,0,0,0,0,2700,0,0,0,0,0,0,0,0,0
4903608,4200,105,1620,2,1030,590,0,0,0,0,0,0,0,0,0,2500,0,0,0,0,0,0,0,0,0
4903609,18400,78,12000,4,2600,5900,1800,1700,0,0,0,0,0,0,0,3500,9250,2400,0,0,0,0,0,0,0
4903610,8200,86,11200,2,4100,7100,0,0,0,0,0,0,0,0,0,4800,0,0,0,0,0,0,0,0,0
4903611,3700,72,560,2,360,200,0,0,0,0,0,0,0,0,0,1950,0,0,0,0,0,0,0,0,0
4903612,6400,98,1280,3,630,410,240,0,0,0,0,0,0,0,0,2450,2750,0,0,0,0,0,0,0,0
4903613,4100,91,1450,2,930,520,0,0,0,0,0,0,0,0,0,2500,0,0,0,0,0,0,0,0,0
4903614,9300,89,7800,3,2900,2600,2300,0,0,0,0,0,0,0,0,5150,1350,0,0,0,0,0,0,0,0
4903615,4400,90,1320,2,790,530,0,0,0,0,0,0,0,0,0,2450,0,0,0,0,0,0,0,0,0
4903616,6000,91,1110,3,530,510,70,0,0,0,0,0,0,0,0,2450,2300,0,0,0,0,0,0,0,0
4903617,4500,120,1060,2,620,440,0,0,0,0,0,0,0,0,0,2500,0,0,0,0,0,0,0,0,0
4903618,4200,133,890,2,520,370,0,0,0,0,0,0,0,0,0,2450,0,0,0,0,0,0,0,0,0
4903619,4800,130,1030,2,620,410,0,0,0,0,0,0,0,0,0,2700,0,0,0,0,0,0,0,0,0
4903620,4500,92,1110,2,600,510,0,0,0,0,0,0,0,0,0,2650,0,0,0,0,0,0,0,0,0
4903621,4400,117,1580,2,900,680,0,0,0,0,0,0,0,0,0,2600,0,0,0,0,0,0,0,0,0
4903622,16500,81,39200,6,4500,7400,6800,6100,7000,7400,0,0,0,0,0,3600,1200,6050,1200,1200,0,0,0,0,0
4903623,4300,106,1340,2,810,530,0,0,0,0,0,0,0,0,0,2450,0,0,0,0,0,0,0,0,0
4903624,4100,102,1230,2,760,470,0,0,0,0,0,0,0,0,0,2450,0,0,0,0,0,0,0,0,0
4903625,4600,102,2510,2,1260,1250,0,0,0,0,0,0,0,0,0,2700,0,0,0,0,0,0,0,0,0
4903626,4200,112,750,2,410,340,0,0,0,0,0,0,0,0,0,2600,0,0,0,0,0,0,0,0,0
4903627,4500,88,650,2,330,320,0,0,0,0,0,0,0,0,0,2400,0,0,0,0,0,0,0,0,0
4903628,4300,111,1530,2,850,680,0,0,0,0,0,0,0,0,0,2700,0,0,0,0,0,0,0,0,0
4903629,17900,78,20800,5,3800,8600,2300,3100,3000,0,0,0,0,0,0,3650,1350,8950,1200,0,0,0,0,0,0
4903630,4500,80,1260,2,530,730,0,0,0,0,0,0,0,0,0,2650,0,0,0,0,0,0,0,0,0
4903631,4300,116,660,2,380,280,0,0,0,0,0,0,0,0,0,2450,0,0,0,0,0,0,0,0,0
4903632,4000,81,610,2,330,280,0,0,0,0,0,0,0,0,0,2750,0,0,0,0,0,0,0,0,0
4903633,4400,109,620,2,380,240,0,0,0,0,0,0,0,0,0,2450,0,0,0,0,0,0,0,0,0
4903634,4000,92,1780,2,970,810,0,0,0,0,0,0,0,0,0,2400,0,0,0,0,0,0,0,0,0
4903635,4200,86,1010,2,520,490,0,0,0,0,0,0,0,0,0,2550,0,0,0,0,0,0,0,0,0
4903636,4200,90,1100,2,670,430,0,0,0,0,0,0,0,0,0,2550,0,0,0,0,0,0,0,0,0
4903637,4300,101,1600,2,940,660,0,0,0,0,0,0,0,0,0,2400,0,0,0,0,0,0,0,0,0
4903638,4700,114,860,2,530,330,0,0,0,0,0,0,0,0,0,2700,0,0,0,0,0,0,0,0,0
4903639,17500,84,16800,5,3800,3500,3100,3900,2500,0,0,0,0,0,0,3300,1200,8250,1250,0,0,0,0,0,0
4903640,18300,83,18800,5,4500,4100,3300,3600,3300,0,0,0,0,0,0,3550,1250,8400,1200,0,0,0,0,0,0
4903641,3500,95,610,2,400,210,0,0,0,0,0,0,0,0,0,2350,0,0,0,0,0,0,0,0,0
4903642,4200,108,1480,2,780,700,0,0,0,0,0,0,0,0,0,2550,0,0,0,0,0,0,0,0,0
4903643,4200,90,580,2,370,210,0,0,0,0,0,0,0,0,0,2450,0,0,0,0,0,0,0,0,0
4903644,4300,111,1610,2,950,660,0,0,0,0,0,0,0,0,0,2550,0,0,0,0,0,0,0,0,0
4903645,4300,78,1140,2,700,440,0,0,0,0,0,0,0,0,0,2450,0,0,0,0,0,0,0,0,0
4903646,6700,93,6000,2,2500,3500,0,0,0,0,0,0,0,0,0,4250,0,0,0,0,0,0,0,0,0
4903647,4900,97,2430,2,1370,1060,0,0,0,0,0,0,0,0,0,3050,0,0,0,0,0,0,0,0,0
4903648,5400,97,3680,2,2330,1350,0,0,0,0,0,0,0,0,0,3550,0,0,0,0,0,0,0,0,0
4903649,4200,122,990,2,500,490,0,0,0,0,0,0,0,0,0,2500,0,0,0,0,0,0,0,0,0
4903650,7400,102,1090,3,520,370,200,0,0,0,0,0,0,0,0,2650,3050,0,0,0,0,0,0,0,0
4903651,14300,88,12500,3,2400,6600,3500,0,0,0,0,0,0,0,0,7150,1300,0,0,0,0,0,0,0,0
4903652,4400,102,700,2,420,280,0,0,0,0,0,0,0,0,0,2500,0,0,0,0,0,0,0,0,0
4903653,12900,93,16100,3,4900,6400,4800,0,0,0,0,0,0,0,0,7650,1250,0,0,0,0,0,0,0,0
4903654,4500,91,1370,2,800,570,0,0,0,0,0,0,0,0,0,2500,0,0,0,0,0,0,0,0,0
4903655,7600,89,5700,2,2200,3500,0,0,0,0,0,0,0,0,0,4750,0,0,0,0,0,0,0,0,0
4903656,10000,88,5450,3,2420,1640,1390,0,0,0,0,0,0,0,0,6500,1200,0,0,0,0,0,0,0,0
4903657,6700,71,4500,2,1700,2800,0,0,0,0,0,0,0,0,0,3800,0,0,0,0,0,0,0,0,0
4903658,5800,72,1560,3,740,510,310,0,0,0,0,0,0,0,0,2400,2400,0,0,0,0,0,0,0,0
4903659,4300,111,1750,2,1020,730,0,0,0,0,0,0,0,0,0,2600,0,0,0,0,0,0,0,0,0
4903660,4400,105,860,2,490,370,0,0,0,0,0,0,0,0,0,2450,0,0,0,0,0,0,0,0,0
4903661,4400,93,1030,2,640,390,0,0,0,0,0,0,0,0,0,2500,0,0,0,0,0,0,0,0,0
4903662,4300,127,840,2,490,350,0,0,0,0,0,0,0,0,0,2500,0,0,0,0,0,0,0,0,0
4903663,1600,81,280,2,60,220,0,0,0,0,0,0,0,0,0,1250,0,0,0,0,0,0,0,0,0
4903664,4100,91,1450,2,870,580,0,0,0,0,0,0,0,0,0,2650,0,0,0,0,0,0,0,0,0
4903665,4400,105,1570,2,860,710,0,0,0,0,0,0,0,0,0,2700,0,0,0,0,0,0,0,0,0
4903666,4000,103,1740,2,930,810,0,0,0,0,0,0,0,0,0,2450,0,0,0,0,0,0,0,0,0
4903667,9900,74,14600,3,4200,5800,4600,0,0,0,0,0,0,0,0,5050,1300,0,0,0,0,0,0,0,0
4903668,4000,91,1440,2,810,630,0,0,0,0,0,0,0,0,0,2400,0,0,0,0,0,0,0,0,0
4903669,7000,99,9100,3,4700,2300,2100,0,0,0,0,0,0,0,0,3600,1350,0,0,0,0,0,0,0,0
4903670,4400,101,780,2,440,340,0,0,0,0,0,0,0,0,0,2350,0,0,0,0,0,0,0,0,0
4903671,4400,95,2670,2,1500,1170,0,0,0,0,0,0,0,0,0,2950,0,0,0,0,0,0,0,0,0
4903672,4500,100,1090,2,620,470,0,0,0,0,0,0,0,0,0,2400,0,0,0,0,0,0,0,0,0
4903673,6600,90,5700,2,2000,3700,0,0,0,0,0,0,0,0,0,3250,0,0,0,0,0,0,0,0,0
4903674,6900,89,7000,2,2600,4400,0,0,0,0,0,0,0,0,0,4150,0,0,0,0,0,0,0,0,0
4903675,4600,104,710,2,450,260,0,0,0,0,0,0,0,0,0,2600,0,0,0,0,0,0,0,0,0
4903676,7900,84,6000,2,1800,4200,0,0,0,0,0,0,0,0,0,4200,0,0,0,0,0,0,0,0,0
4903677,4100,95,1560,2,930,630,0,0,0,0,0,0,0,0,0,2600,0,0,0,0,0,0,0,0,0
4903678,4500,102,650,2,370,280,0,0,0,0,0,0,0,0,0,2750,0,0,0,0,0,0,0,0,0
4903679,4300,118,1110,2,570,540,0,0,0,0,0,0,0,0,0,2950,0,0,0,0,0,0,0,0,0
4903680,9800,87,7700,3,3600,2100,2000,0,0,0,0,0,0,0,0,5350,1350,0,0,0,0,0,0,0,0
4903681,18900,80,15100,4,3600,5900,3400,2200,0,0,0,0,0,0,0,3700,9750,1250,0,0,0,0,0,0,0
4903682,3800,77,600,2,430,170,0,0,0,0,0,0,0,0,0,2450,0,0,0,0,0,0,0,0,0
4903683,6000,95,3550,2,1830,1720,0,0,0,0,0,0,0,0,0,3400,0,0,0,0,0,0,0,0,0
4903684,19100,82,47600,7,4700,8000,7500,6200,7400,6200,7600,0,0,0,0,3500,1350,5000,1200,3700,1200,0,0,0,0
4903685,4500,95,2340,2,1290,1050,0,0,0,0,0,0,0,0,0,2450,0,0,0,0,0,0,0,0,0
4903686,4600,105,1180,2,560,620,0,0,0,0,0,0,0,0,0,2500,0,0,0,0,0,0,0,0,0
4903687,4300,77,690,2,410,280,0,0,0,0,0,0,0,0,0,2400,0,0,0,0,0,0,0,0,0
4903688,8900,84,6800,2,2600,4200,0,0,0,0,0,0,0,0,0,4650,0,0,0,0,0,0,0,0,0
4903689,4000,87,950,2,540,410,0,0,0,0,0,0,0,0,0,2450,0,0,0,0,0,0,0,0,0
4903690,4500,86,1420,2,850,570,0,0,0,0,0,0,0,0,0,2450,0,0,0,0,0,0,0,0,0
4903691,4200,85,920,2,560,360,0,0,0,0,0,0,0,0,0,2450,0,0,0,0,0,0,0,0,0
4903692,7800,86,5100,2,2300,2800,0,0,0,0,0,0,0,0,0,4700,0,0,0,0,0,0,0,0,0
4903693,4700,81,2350,2,1120,1230,0,0,0,0,0,0,0,0,0,2350,0,0,0,0,0,0,0,0,0
4903694,3400,88,490,2,290,200,0,0,0,0,0,0,0,0,0,2350,0,0,0,0,0,0,0,0,0
4903695,9400,80,9000,2,4000,5000,0,0,0,0,0,0,0,0,0,6100,0,0,0,0,0,0,0,0,0
4903696,15400,74,15400,4,3400,6700,2800,2500,0,0,0,0,0,0,0,3500,8050,1200,0,0,0,0,0,0,0
4903697,24000,73,44800,9,3000,4200,4800,4300,5100,6800,5500,5100,6000,0,0,3600,1350,5600,1200,1200,6350,1250,1200,0,0
4903698,1400,73,22200,9,3800,2300,2400,2300,2500,3100,2400,1500,1900,0,0,3550,1350,5500,1200,1200,6250,1250,1200,0,0
4903699,9700,82,7500,3,2600,3000,1900,0,0,0,0,0,0,0,0,5600,1350,0,0,0,0,0,0,0,0
4903700,4200,114,1490,2,780,710,0,0,0,0,0,0,0,0,0,2450,0,0,0,0,0,0,0,0,0
4903701,4100,110,850,2,470,380,0,0,0,0,0,0,0,0,0,2600,0,0,0,0,0,0,0,0,0
4903702,4200,88,770,2,420,350,0,0,0,0,0,0,0,0,0,2450,0,0,0,0,0,0,0,0,0
4903703,8800,72,13500,3,2500,6400,4600,0,0,0,0,0,0,0,0,5100,1350,0,0,0,0,0,0,0,0
4903704,8500,81,6800,2,2400,4400,0,0,0,0,0,0,0,0,0,4750,0,0,0,0,0,0,0,0,0
4903705,6700,79,7500,2,2300,5200,0,0,0,0,0,0,0,0,0,3800,0,0,0,0,0,0,0,0,0
4903706,15400,76,19000,4,5000,7200,3900,2900,0,0,0,0,0,0,0,3650,8050,1200,0,0,0,0,0,0,0
4903707,4000,111,1490,2,880,610,0,0,0,0,0,0,0,0,0,2600,0,0,0,0,0,0,0,0,0
4903708,4100,100,1130,2,640,490,0,0,0,0,0,0,0,0,0,2500,0,0,0,0,0,0,0,0,0
4903709,4400,108,570,2,350,220,0,0,0,0,0,0,0,0,0,2450,0,0,0,0,0,0,0,0,0
4903710,4500,93,1650,2,980,670,0,0,0,0,0,0,0,0,0,2500,0,0,0,0,0,0,0,0,0
4903711,15900,74,13500,3,3300,5000,5200,0,0,0,0,0,0,0,0,3150,8350,0,0,0,0,0,0,0,0
4903712,7700,86,6300,2,2600,3700,0,0,0,0,0,0,0,0,0,4250,0,0,0,0,0,0,0,0,0
4903713,4200,93,990,2,550,440,0,0,0,0,0,0,0,0,0,2350,0,0,0,0,0,0,0,0,0
4903714,9200,72,22000,3,4800,8300,8900,0,0,0,0,0,0,0,0,5100,1250,0,0,0,0,0,0,0,0
4903715,1600,98,250,2,100,150,0,0,0,0,0,0,0,0,0,1300,0,0,0,0,0,0,0,0,0
4903716,15900,81,45700,6,5400,8200,7900,7200,8900,8100,0,0,0,0,0,3250,1300,6300,1200,1250,0,0,0,0,0
4903717,18100,88,13000,5,3300,2600,1900,2700,2500,0,0,0,0,0,0,3450,1200,8850,1200,0,0,0,0,0,0
4903718,8500,85,1830,4,790,750,120,170,0,0,0,0,0,0,0,3050,3100,700,0,0,0,0,0,0,0
4903719,13200,82,13600,3,3800,5000,4800,0,0,0,0,0,0,0,0,7450,1200,0,0,0,0,0,0,0,0
4903720,4100,87,1380,2,840,540,0,0,0,0,0,0,0,0,0,2350,0,0,0,0,0,0,0,0,0
4903721,15900,73,39100,6,4300,6200,6900,6900,7700,7100,0,0,0,0,0,3250,1250,5850,1200,1250,0,0,0,0,0
4903722,1600,91,300,2,80,220,0,0,0,0,0,0,0,0,0,1300,0,0,0,0,0,0,0,0,0
4903723,3100,124,1520,2,880,640,0,0,0,0,0,0,0,0,0,2500,0,0,0,0,0,0,0,0,0
4903724,4500,87,800,2,470,330,0,0,0,0,0,0,0,0,0,2450,0,0,0,0,0,0,0,0,0
4903725,4000,96,2010,2,1080,930,0,0,0,0,0,0,0,0,0,2450,0,0,0,0,0,0,0,0,0
4903726,4500,74,2060,2,1220,840,0,0,0,0,0,0,0,0,0,2600,0,0,0,0,0,0,0,0,0
4903727,4200,112,660,2,390,270,0,0,0,0,0,0,0,0,0,2600,0,0,0,0,0,0,0,0,0
4903728,4100,106,1820,2,1050,770,0,0,0,0,0,0,0,0,0,2600,0,0,0,0,0,0,0,0,0
4903729,4100,84,1150,2,720,430,0,0,0,0,0,0,0,0,0,2500,0,0,0,0,0,0,0,0,0
4903730,4100,114,1130,2,720,410,0,0,0,0,0,0,0,0,0,2450,0,0,0,0,0,0,0,0,0
4903731,8800,84,5400,3,2800,1300,1300,0,0,0,0,0,0,0,0,5350,1350,0,0,0,0,0,0,0,0
4903732,4100,91,1250,2,820,430,0,0,0,0,0,0,0,0,0,2800,0,0,0,0,0,0,0,0,0
4903733,4100,77,910,2,570,340,0,0,0,0,0,0,0,0,0,2600,0,0,0,0,0,0,0,0,0
4903734,3900,83,1050,2,670,380,0,0,0,0,0,0,0,0,0,2350,0,0,0,0,0,0,0,0,0
4903735,4400,86,870,2,380,490,0,0,0,0,0,0,0,0,0,2500,0,0,0,0,0,0,0,0,0
4903736,4100,93,1790,2,1120,670,0,0,0,0,0,0,0,0,0,2750,0,0,0,0,0,0,0,0,0
4903737,4600,110,2170,2,1330,840,0,0,0,0,0,0,0,0,0,3150,0,0,0,0,0,0,0,0,0
4903738,4100,92,3370,2,1850,1520,0,0,0,0,0,0,0,0,0,2400,0,0,0,0,0,0,0,0,0
4903739,4500,90,1090,2,520,570,0,0,0,0,0,0,0,0,0,2600,0,0,0,0,0,0,0,0,0
4903740,4400,101,950,2,570,380,0,0,0,0,0,0,0,0,0,2450,0,0,0,0,0,0,0,0,0
4903741,4500,102,1010,2,510,500,0,0,0,0,0,0,0,0,0,2600,0,0,0,0,0,0,0,0,0
4903742,13400,79,11800,3,3300,2500,6000,0,0,0,0,0,0,0,0,6600,1450,0,0,0,0,0,0,0,0
4903743,4300,105,770,2,510,260,0,0,0,0,0,0,0,0,0,2800,0,0,0,0,0,0,0,0,0
4903744,8100,69,9500,3,3600,2400,3500,0,0,0,0,0,0,0,0,4350,1250,0,0,0,0,0,0,0,0
4903745,4100,97,580,2,360,220,0,0,0,0,0,0,0,0,0,2400,0,0,0,0,0,0,0,0,0
4903746,4500,111,1210,2,720,490,0,0,0,0,0,0,0,0,0,2700,0,0,0,0,0,0,0,0,0
4903747,3800,103,690,2,370,320,0,0,0,0,0,0,0,0,0,2550,0,0,0,0,0,0,0,0,0
4903748,4200,84,810,2,470,340,0,0,0,0,0,0,0,0,0,2650,0,0,0,0,0,0,0,0,0
4903749,17700,77,12400,4,3100,5400,2600,1300,0,0,0,0,0,0,0,3450,9500,1250,0,0,0,0,0,0,0
4903750,4500,86,1000,2,570,430,0,0,0,0,0,0,0,0,0,2350,0,0,0,0,0,0,0,0,0
4903751,17900,77,33700,5,4600,9600,6600,6500,6400,0,0,0,0,0,0,3500,7550,1200,1200,0,0,0,0,0,0
4903752,3900,74,1740,2,1020,720,0,0,0,0,0,0,0,0,0,2350,0,0,0,0,0,0,0,0,0
4903753,3700,114,1290,2,590,700,0,0,0,0,0,0,0,0,0,2650,0,0,0,0,0,0,0,0,0
4903754,4100,98,1470,2,820,650,0,0,0,0,0,0,0,0,0,2400,0,0,0,0,0,0,0,0,0
4903755,7100,85,4300,2,2120,2180,0,0,0,0,0,0,0,0,0,3850,0,0,0,0,0,0,0,0,0
4903756,4100,86,1000,2,620,380,0,0,0,0,0,0,0,0,0,2350,0,0,0,0,0,0,0,0,0
4903757,15400,73,15800,4,2400,4000,4900,4500,0,0,0,0,0,0,0,3350,6950,1250,0,0,0,0,0,0,0
4903758,4200,84,960,2,530,430,0,0,0,0,0,0,0,0,0,2450,0,0,0,0,0,0,0,0,0
4903759,4500,68,690,2,400,290,0,0,0,0,0,0,0,0,0,2350,0,0,0,0,0,0,0,0,0
4903760,4400,93,8800,2,2700,6100,0,0,0,0,0,0,0,0,0,3100,0,0,0,0,0,0,0,0,0
4903761,22000,93,5100,2,2600,2500,0,0,0,0,0,0,0,0,0,1200,0,0,0,0,0,0,0,0,0
4903762,5600,72,12100,2,3500,8600,0,0,0,0,0,0,0,0,0,3750,0,0,0,0,0,0,0,0,0
4903763,4400,97,11300,2,6400,4900,0,0,0,0,0,0,0,0,0,3550,0,0,0,0,0,0,0,0,0
4903764,21600,97,8600,2,4300,4300,0,0,0,0,0,0,0,0,0,1200,0,0,0,0,0,0,0,0,0
4903765,4500,101,1310,2,790,520,0,0,0,0,0,0,0,0,0,2450,0,0,0,0,0,0,0,0,0
4903766,4100,93,980,2,570,410,0,0,0,0,0,0,0,0,0,2350,0,0,0,0,0,0,0,0,0
4903767,6800,91,6000,2,3500,2500,0,0,0,0,0,0,0,0,0,4350,0,0,0,0,0,0,0,0,0
4903768,15500,65,39600,6,4400,8000,6000,5700,8500,7000,0,0,0,0,0,3550,1300,4300,1200,1250,0,0,0,0,0
4903769,7500,76,7800,3,3100,2600,2100,0,0,0,0,0,0,0,0,4750,1300,0,0,0,0,0,0,0,0
4903770,19000,75,13900,4,3300,5700,2500,2400,0,0,0,0,0,0,0,3500,9800,2400,0,0,0,0,0,0,0
4903771,11200,72,19800,3,4600,8000,7200,0,0,0,0,0,0,0,0,6050,1200,0,0,0,0,0,0,0,0
4903772,17500,82,11300,5,3900,2900,1700,1100,1700,0,0,0,0,0,0,3700,6950,1200,1250,0,0,0,0,0,0
4903773,4500,91,680,2,420,260,0,0,0,0,0,0,0,0,0,2450,0,0,0,0,0,0,0,0,0
4903774,17200,78,34200,6,3900,6600,4800,7000,6100,5800,0,0,0,0,0,3100,1300,7650,1250,1250,0,0,0,0,0
4903775,4000,102,1170,2,710,460,0,0,0,0,0,0,0,0,0,2400,0,0,0,0,0,0,0,0,0
4903776,4500,84,920,2,540,380,0,0,0,0,0,0,0,0,0,2600,0,0,0,0,0,0,0,0,0
4903777,8600,85,9300,2,4500,4800,0,0,0,0,0,0,0,0,0,4750,0,0,0,0,0,0,0,0,0
4903778,7900,98,5050,3,1670,1470,1910,0,0,0,0,0,0,0,0,5000,1350,0,0,0,0,0,0,0,0
4903779,18200,91,14300,5,3400,3300,2300,2700,2600,0,0,0,0,0,0,4150,7600,1300,1250,0,0,0,0,0,0
4903780,17300,79,15500,4,3400,6300,3300,2500,0,0,0,0,0,0,0,3550,9000,1200,0,0,0,0,0,0,0
4903781,3600,99,630,2,410,220,0,0,0,0,0,0,0,0,0,2500,0,0,0,0,0,0,0,0,0
4903782,4000,100,1020,2,570,450,0,0,0,0,0,0,0,0,0,2700,0,0,0,0,0,0,0,0,0
4903783,4500,86,770,2,400,370,0,0,0,0,0,0,0,0,0,2450,0,0,0,0,0,0,0,0,0
4903784,4500,92,1270,2,720,550,0,0,0,0,0,0,0,0,0,2400,0,0,0,0,0,0,0,0,0
4903785,12400,90,12600,5,3300,2500,2500,3500,800,0,0,0,0,0,0,3100,1350,4250,1250,0,0,0,0,0,0
4903786,2200,54,3030,2,1610,1420,0,0,0,0,0,0,0,0,0,1500,0,0,0,0,0,0,0,0,0
4903787,16700,69,45100,6,5400,8700,6700,7500,8500,8300,0,0,0,0,0,3450,1300,5450,1200,1200,0,0,0,0,0
4903788,8200,88,8800,2,2900,5900,0,0,0,0,0,0,0,0,0,5100,0,0,0,0,0,0,0,0,0
4903789,4100,96,1250,2,740,510,0,0,0,0,0,0,0,0,0,2400,0,0,0,0,0,0,0,0,0
4903790,4500,91,2380,2,1200,1180,0,0,0,0,0,0,0,0,0,2550,0,0,0,0,0,0,0,0,0
4903791,4200,78,1050,2,610,440,0,0,0,0,0,0,0,0,0,2350,0,0,0,0,0,0,0,0,0
4903792,4300,90,1360,2,830,530,0,0,0,0,0,0,0,0,0,2500,0,0,0,0,0,0,0,0,0
4903793,4300,86,1630,2,780,850,0,0,0,0,0,0,0,0,0,2350,0,0,0,0,0,0,0,0,0
4903794,4200,96,1310,2,790,520,0,0,0,0,0,0,0,0,0,2450,0,0,0,0,0,0,0,0,0
4903795,9000,83,7400,3,2800,2500,2100,0,0,0,0,0,0,0,0,4800,1200,0,0,0,0,0,0,0,0
4903796,1700,89,190,2,70,120,0,0,0,0,0,0,0,0,0,1350,0,0,0,0,0,0,0,0,0
4903797,9200,70,19700,3,5600,6600,7500,0,0,0,0,0,0,0,0,5200,1300,0,0,0,0,0,0,0,0
4903798,4200,83,780,2,500,280,0,0,0,0,0,0,0,0,0,2600,0,0,0,0,0,0,0,0,0
4903799,4300,80,1280,2,780,500,0,0,0,0,0,0,0,0,0,2450,0,0,0,0,0,0,0,0,0
4903800,4200,84,1000,2,580,420,0,0,0,0,0,0,0,0,0,2450,0,0,0,0,0,0,0,0,0
4903801,4200,91,930,2,570,360,0,0,0,0,0,0,0,0,0,2450,0,0,0,0,0,0,0,0,0
4903802,12800,81,28400,5,4300,6200,6600,5700,5600,0,0,0,0,0,0,3800,3500,1250,1200,0,0,0,0,0,0
4903803,11700,80,35300,5,4600,8600,6800,8500,6800,0,0,0,0,0,0,3750,3200,1250,1250,0,0,0,0,0,0
4903804,3800,83,1520,2,870,650,0,0,0,0,0,0,0,0,0,2300,0,0,0,0,0,0,0,0,0
4903805,4400,129,840,2,410,430,0,0,0,0,0,0,0,0,0,2350,0,0,0,0,0,0,0,0,0
4903806,4600,102,1380,2,760,620,0,0,0,0,0,0,0,0,0,2850,0,0,0,0,0,0,0,0,0
4903807,4200,79,930,2,520,410,0,0,0,0,0,0,0,0,0,2350,0,0,0,0,0,0,0,0,0
4903808,13900,87,13100,3,3200,6800,3100,0,0,0,0,0,0,0,0,7350,1400,0,0,0,0,0,0,0,0
4903809,8400,90,7100,2,2700,4400,0,0,0,0,0,0,0,0,0,5100,0,0,0,0,0,0,0,0,0
4903810,12200,86,9200,3,4300,2700,2200,0,0,0,0,0,0,0,0,7200,1200,0,0,0,0,0,0,0,0
4903811,9200,66,9000,3,2400,4000,2600,0,0,0,0,0,0,0,0,4800,1150,0,0,0,0,0,0,0,0
4903812,4100,79,1970,2,1120,850,0,0,0,0,0,0,0,0,0,2500,0,0,0,0,0,0,0,0,0
4903813,4400,93,960,2,550,410,0,0,0,0,0,0,0,0,0,2450,0,0,0,0,0,0,0,0,0
4903814,7700,81,6100,2,3000,3100,0,0,0,0,0,0,0,0,0,4400,0,0,0,0,0,0,0,0,0
4903815,11100,85,9700,3,1800,3200,4700,0,0,0,0,0,0,0,0,1900,5800,0,0,0,0,0,0,0,0
4903816,3900,96,900,2,590,310,0,0,0,0,0,0,0,0,0,2450,0,0,0,0,0,0,0,0,0
4903817,10000,80,22600,3,5900,8800,7900,0,0,0,0,0,0,0,0,5600,1500,0,0,0,0,0,0,0,0
4903818,6100,68,2210,2,800,1410,0,0,0,0,0,0,0,0,0,3850,0,0,0,0,0,0,0,0,0
4903819,4100,74,930,2,580,350,0,0,0,0,0,0,0,0,0,2450,0,0,0,0,0,0,0,0,0
4903820,18300,88,51000,7,5400,7800,8400,6600,5400,9900,7500,0,0,0,0,3250,1300,4650,1200,3250,1200,0,0,0,0
4903821,9800,87,24900,4,5100,4500,8800,6500,0,0,0,0,0,0,0,1950,4750,1350,0,0,0,0,0,0,0
4903822,4500,108,1040,2,550,490,0,0,0,0,0,0,0,0,0,2650,0,0,0,0,0,0,0,0,0
4903823,4200,94,1080,2,670,410,0,0,0,0,0,0,0,0,0,2600,0,0,0,0,0,0,0,0,0
4903824,6600,96,5200,2,2500,2700,0,0,0,0,0,0,0,0,0,3900,0,0,0,0,0,0,0,0,0
4903825,13700,74,8000,2,3900,4100,0,0,0,0,0,0,0,0,0,9300,0,0,0,0,0,0,0,0,0
4903826,4100,90,870,2,540,330,0,0,0,0,0,0,0,0,0,2650,0,0,0,0,0,0,0,0,0
4903827,7300,77,9500,2,3500,6000,0,0,0,0,0,0,0,0,0,4550,0,0,0,0,0,0,0,0,0
4903828,4300,99,890,2,500,390,0,0,0,0,0,0,0,0,0,2450,0,0,0,0,0,0,0,0,0
4903829,14200,88,15300,3,4700,7200,3400,0,0,0,0,0,0,0,0,6900,1300,0,0,0,0,0,0,0,0
4903830,4200,105,1090,2,580,510,0,0,0,0,0,0,0,0,0,2600,0,0,0,0,0,0,0,0,0
4903831,4000,123,870,2,560,310,0,0,0,0,0,0,0,0,0,2450,0,0,0,0,0,0,0,0,0
4903832,4100,100,1110,2,630,480,0,0,0,0,0,0,0,0,0,2600,0,0,0,0,0,0,0,0,0
4903833,4200,93,720,2,420,300,0,0,0,0,0,0,0,0,0,2400,0,0,0,0,0,0,0,0,0
4903834,4100,103,1240,2,750,490,0,0,0,0,0,0,0,0,0,2500,0,0,0,0,0,0,0,0,0
4903835,3500,164,810,2,480,330,0,0,0,0,0,0,0,0,0,2450,0,0,0,0,0,0,0,0,0
4903836,3700,93,2230,2,1300,930,0,0,0,0,0,0,0,0,0,2600,0,0,0,0,0,0,0,0,0
4903837,4700,72,1660,2,880,780,0,0,0,0,0,0,0,0,0,2600,0,0,0,0,0,0,0,0,0
4903838,17400,76,11400,3,2600,4700,4100,0,0,0,0,0,0,0,0,3450,9050,0,0,0,0,0,0,0,0
4903839,4000,76,1810,2,1030,780,0,0,0,0,0,0,0,0,0,2700,0,0,0,0,0,0,0,0,0
4903840,3400,104,1250,2,580,670,0,0,0,0,0,0,0,0,0,2500,0,0,0,0,0,0,0,0,0
4903841,7000,91,6200,2,3100,3100,0,0,0,0,0,0,0,0,0,4150,0,0,0,0,0,0,0,0,0
4903842,4700,81,2040,2,990,1050,0,0,0,0,0,0,0,0,0,2500,0,0,0,0,0,0,0,0,0
4903843,4000,90,1630,2,990,640,0,0,0,0,0,0,0,0,0,2450,0,0,0,0,0,0,0,0,0
4903844,4400,110,2010,2,1140,870,0,0,0,0,0,0,0,0,0,2600,0,0,0,0,0,0,0,0,0
4903845,4100,109,2020,2,1050,970,0,0,0,0,0,0,0,0,0,2550,0,0,0,0,0,0,0,0,0
4903846,4500,91,820,2,470,350,0,0,0,0,0,0,0,0,0,2450,0,0,0,0,0,0,0,0,0
4903847,8400,72,6300,2,1700,4600,0,0,0,0,0,0,0,0,0,4750,0,0,0,0,0,0,0,0,0
4903848,4200,100,1350,2,890,460,0,0,0,0,0,0,0,0,0,2400,0,0,0,0,0,0,0,0,0
4903849,4100,111,1370,2,780,590,0,0,0,0,0,0,0,0,0,2600,0,0,0,0,0,0,0,0,0
4903850,7100,99,4900,2,1700,3200,0,0,0,0,0,0,0,0,0,3950,0,0,0,0,0,0,0,0,0
4903851,17200,82,20500,5,6300,5900,2400,2800,3100,0,0,0,0,0,0,3750,7500,1200,1200,0,0,0,0,0,0
4903852,4500,89,1660,2,930,730,0,0,0,0,0,0,0,0,0,2550,0,0,0,0,0,0,0,0,0
4903853,17300,85,34400,6,4000,6300,5700,5400,6400,6600,0,0,0,0,0,4300,1250,5800,1200,1200,0,0,0,0,0
4903854,3900,103,610,2,330,280,0,0,0,0,0,0,0,0,0,2450,0,0,0,0,0,0,0,0,0
4903855,5100,125,2250,2,1160,1090,0,0,0,0,0,0,0,0,0,3150,0,0,0,0,0,0,0,0,0
4903856,4600,79,12800,2,4800,8000,0,0,0,0,0,0,0,0,0,3650,0,0,0,0,0,0,0,0,0
4903857,22200,79,14600,2,6800,7800,0,0,0,0,0,0,0,0,0,1200,0,0,0,0,0,0,0,0,0
4903858,4100,98,810,2,500,310,0,0,0,0,0,0,0,0,0,2400,0,0,0,0,0,0,0,0,0
4903859,4300,96,1420,2,870,550,0,0,0,0,0,0,0,0,0,2450,0,0,0,0,0,0,0,0,0
4903860,10200,91,16600,3,4200,6600,5800,0,0,0,0,0,0,0,0,5400,1350,0,0,0,0,0,0,0,0
4903861,3700,91,2190,2,1280,910,0,0,0,0,0,0,0,0,0,2600,0,0,0,0,0,0,0,0,0
4903862,4200,84,1370,2,790,580,0,0,0,0,0,0,0,0,0,2500,0,0,0,0,0,0,0,0,0
4903863,4500,92,1990,2,1120,870,0,0,0,0,0,0,0,0,0,2450,0,0,0,0,0,0,0,0,0
4903864,10000,77,8100,2,2900,5200,0,0,0,0,0,0,0,0,0,6300,0,0,0,0,0,0,0,0,0
4903865,4400,87,530,2,310,220,0,0,0,0,0,0,0,0,0,2400,0,0,0,0,0,0,0,0,0
4903866,4000,114,1670,2,990,680,0,0,0,0,0,0,0,0,0,2450,0,0,0,0,0,0,0,0,0
4903867,4500,105,1680,2,930,750,0,0,0,0,0,0,0,0,0,2650,0,0,0,0,0,0,0,0,0
4903868,4400,100,1120,2,690,430,0,0,0,0,0,0,0,0,0,2700,0,0,0,0,0,0,0,0,0
4903869,4600,119,1630,2,920,710,0,0,0,0,0,0,0,0,0,2600,0,0,0,0,0,0,0,0,0
4903870,18300,70,12300,4,3500,4700,1700,2400,0,0,0,0,0,0,0,3650,9750,1200,0,0,0,0,0,0,0
4903871,15300,69,11200,4,2400,3200,2800,2800,0,0,0,0,0,0,0,4150,7000,1200,0,0,0,0,0,0,0
4903872,4200,105,810,2,510,300,0,0,0,0,0,0,0,0,0,2600,0,0,0,0,0,0,0,0,0
4903873,3700,105,2230,2,1300,930,0,0,0,0,0,0,0,0,0,2600,0,0,0,0,0,0,0,0,0
4903874,4200,76,1660,2,930,730,0,0,0,0,0,0,0,0,0,2400,0,0,0,0,0,0,0,0,0
4903875,4400,84,1750,2,1050,700,0,0,0,0,0,0,0,0,0,2500,0,0,0,0,0,0,0,0,0
4903876,8800,79,8500,3,3900,2800,1800,0,0,0,0,0,0,0,0,5300,1400,0,0,0,0,0,0,0,0
4903877,4100,73,1210,2,810,400,0,0,0,0,0,0,0,0,0,2400,0,0,0,0,0,0,0,0,0
4903878,5900,73,1640,2,950,690,0,0,0,0,0,0,0,0,0,4300,0,0,0,0,0,0,0,0,0
4903879,4200,78,880,2,490,390,0,0,0,0,0,0,0,0,0,2600,0,0,0,0,0,0,0,0,0
4903880,4200,111,1350,2,740,610,0,0,0,0,0,0,0,0,0,2400,0,0,0,0,0,0,0,0,0
4903881,1700,88,340,2,100,240,0,0,0,0,0,0,0,0,0,1350,0,0,0,0,0,0,0,0,0
4903882,4300,62,710,2,390,320,0,0,0,0,0,0,0,0,0,2400,0,0,0,0,0,0,0,0,0
4903883,10500,70,9800,3,2900,4100,2800,0,0,0,0,0,0,0,0,5850,1350,0,0,0,0,0,0,0,0
4903884,4500,80,1130,2,520,610,0,0,0,0,0,0,0,0,0,2650,0,0,0,0,0,0,0,0,0
4903885,15500,78,44700,6,4600,7500,6500,6700,8100,11300,0,0,0,0,0,3650,1250,5600,1200,1200,0,0,0,0,0
4903886,4200,82,1510,2,920,590,0,0,0,0,0,0,0,0,0,2500,0,0,0,0,0,0,0,0,0
4903887,3200,108,1380,2,830,550,0,0,0,0,0,0,0,0,0,2600,0,0,0,0,0,0,0,0,0
4903888,4100,102,2200,2,1170,1030,0,0,0,0,0,0,0,0,0,2500,0,0,0,0,0,0,0,0,0
4903889,4200,103,2020,2,1300,720,0,0,0,0,0,0,0,0,0,2850,0,0,0,0,0,0,0,0,0
4903890,9800,83,8900,3,4000,2800,2100,0,0,0,0,0,0,0,0,5150,1350,0,0,0,0,0,0,0,0
4903891,4300,82,700,2,400,300,0,0,0,0,0,0,0,0,0,2400,0,0,0,0,0,0,0,0,0
4903892,4100,99,1210,2,770,440,0,0,0,0,0,0,0,0,0,2450,0,0,0,0,0,0,0,0,0
4903893,10700,79,20800,3,5300,8600,6900,0,0,0,0,0,0,0,0,5050,1350,0,0,0,0,0,0,0,0
4903894,17200,77,10100,4,2900,3900,2100,1200,0,0,0,0,0,0,0,3550,9200,1250,0,0,0,0,0,0,0
4903895,4500,89,1210,2,740,470,0,0,0,0,0,0,0,0,0,2450,0,0,0,0,0,0,0,0,0
4903896,4600,91,990,2,590,400,0,0,0,0,0,0,0,0,0,2500,0,0,0,0,0,0,0,0,0
4903897,4200,102,1380,2,660,720,0,0,0,0,0,0,0,0,0,2550,0,0,0,0,0,0,0,0,0
4903898,4300,93,1230,2,740,490,0,0,0,0,0,0,0,0,0,2600,0,0,0,0,0,0,0,0,0
4903899,4600,99,11800,2,6500,5300,0,0,0,0,0,0,0,0,0,3650,0,0,0,0,0,0,0,0,0
4903900,3700,77,2150,2,1250,900,0,0,0,0,0,0,0,0,0,2600,0,0,0,0,0,0,0,0,0
4903901,22200,100,7300,2,3500,3800,0,0,0,0,0,0,0,0,0,1200,0,0,0,0,0,0,0,0,0
4903902,4400,102,990,2,550,440,0,0,0,0,0,0,0,0,0,2500,0,0,0,0,0,0,0,0,0
4903903,4400,99,1360,2,780,580,0,0,0,0,0,0,0,0,0,2400,0,0,0,0,0,0,0,0,0
4903904,4500,100,1200,2,760,440,0,0,0,0,0,0,0,0,0,2450,0,0,0,0,0,0,0,0,0
4903905,12500,73,35000,5,4400,8900,6700,6400,8600,0,0,0,0,0,0,3600,3800,1250,1200,0,0,0,0,0,0
4903906,12100,76,29000,5,4200,5900,5900,6200,6800,0,0,0,0,0,0,3600,3700,1200,1250,0,0,0,0,0,0
4903907,4000,75,620,2,380,240,0,0,0,0,0,0,0,0,0,2500,0,0,0,0,0,0,0,0,0
4903908,11600,75,13800,3,4900,5200,3700,0,0,0,0,0,0,0,0,6300,1200,0,0,0,0,0,0,0,0
4903909,18200,93,10600,4,2200,3100,3000,2300,0,0,0,0,0,0,0,3650,7600,4750,0,0,0,0,0,0,0
4903910,17000,82,44600,6,4700,7100,6000,10200,9300,7300,0,0,0,0,0,3650,1250,5350,2400,2400,0,0,0,0,0
4903911,4100,94,1060,2,610,450,0,0,0,0,0,0,0,0,0,2700,0,0,0,0,0,0,0,0,0
4903912,4300,71,880,2,540,340,0,0,0,0,0,0,0,0,0,2350,0,0,0,0,0,0,0,0,0
4903913,4100,84,990,2,560,430,0,0,0,0,0,0,0,0,0,2700,0,0,0,0,0,0,0,0,0
4903914,17400,85,13200,5,3900,1700,2400,3300,1900,0,0,0,0,0,0,3350,1350,6700,4000,0,0,0,0,0,0
4903915,4700,92,2350,2,1470,880,0,0,0,0,0,0,0,0,0,2750,0,0,0,0,0,0,0,0,0
4903916,12500,79,10300,4,2500,5100,1000,1700,0,0,0,0,0,0,0,3250,6900,1150,0,0,0,0,0,0,0
4903917,7900,69,18200,3,5200,8100,4900,0,0,0,0,0,0,0,0,4700,1300,0,0,0,0,0,0,0,0
4903918,9100,81,6000,3,3300,1600,1100,0,0,0,0,0,0,0,0,6000,1200,0,0,0,0,0,0,0,0
4903919,9200,75,19700,3,4900,7600,7200,0,0,0,0,0,0,0,0,4700,1300,0,0,0,0,0,0,0,0
4903920,18200,83,37900,7,3800,6100,6600,6000,5400,5400,4600,0,0,0,0,3500,1250,5100,1200,3500,1200,0,0,0,0
4903921,4200,91,1020,2,630,390,0,0,0,0,0,0,0,0,0,2450,0,0,0,0,0,0,0,0,0
4903922,4200,94,820,2,450,370,0,0,0,0,0,0,0,0,0,2500,0,0,0,0,0,0,0,0,0
4903923,5600,89,4600,2,1500,3100,0,0,0,0,0,0,0,0,0,3100,0,0,0,0,0,0,0,0,0
4903924,3900,95,1860,2,1060,800,0,0,0,0,0,0,0,0,0,2350,0,0,0,0,0,0,0,0,0
4903925,4100,102,870,2,560,310,0,0,0,0,0,0,0,0,0,2650,0,0,0,0,0,0,0,0,0
4903926,3900,105,1210,2,660,550,0,0,0,0,0,0,0,0,0,2350,0,0,0,0,0,0,0,0,0
4903927,3800,71,860,2,520,340,0,0,0,0,0,0,0,0,0,2450,0,0,0,0,0,0,0,0,0
4903928,4600,113,1970,2,1150,820,0,0,0,0,0,0,0,0,0,3100,0,0,0,0,0,0,0,0,0
4903929,4100,106,1050,2,580,470,0,0,0,0,0,0,0,0,0,2450,0,0,0,0,0,0,0,0,0
4903930,4200,102,1150,2,590,560,0,0,0,0,0,0,0,0,0,2450,0,0,0,0,0,0,0,0,0
4903931,5300,83,2170,2,1040,1130,0,0,0,0,0,0,0,0,0,2750,0,0,0,0,0,0,0,0,0
4903932,4200,89,600,2,340,260,0,0,0,0,0,0,0,0,0,2350,0,0,0,0,0,0,0,0,0
4903933,4100,88,990,2,500,490,0,0,0,0,0,0,0,0,0,2550,0,0,0,0,0,0,0,0,0
4903934,4200,79,1220,2,720,500,0,0,0,0,0,0,0,0,0,2450,0,0,0,0,0,0,0,0,0
4903935,4300,94,700,2,360,340,0,0,0,0,0,0,0,0,0,2600,0,0,0,0,0,0,0,0,0
4903936,4100,126,1200,2,730,470,0,0,0,0,0,0,0,0,0,2450,0,0,0,0,0,0,0,0,0
4903937,8500,79,16000,3,4000,5600,6400,0,0,0,0,0,0,0,0,4750,1300,0,0,0,0,0,0,0,0
4903938,3000,136,9200,2,3200,6000,0,0,0,0,0,0,0,0,0,2100,0,0,0,0,0,0,0,0,0
4903939,4200,107,1330,2,780,550,0,0,0,0,0,0,0,0,0,2500,0,0,0,0,0,0,0,0,0
4903940,4200,95,990,2,590,400,0,0,0,0,0,0,0,0,0,2450,0,0,0,0,0,0,0,0,0
4903941,4400,80,1460,2,850,610,0,0,0,0,0,0,0,0,0,2450,0,0,0,0,0,0,0,0,0
4903942,4500,99,1980,2,1070,910,0,0,0,0,0,0,0,0,0,2350,0,0,0,0,0,0,0,0,0
4903943,4300,99,1590,2,850,740,0,0,0,0,0,0,0,0,0,2400,0,0,0,0,0,0,0,0,0
4903944,14600,95,12700,3,4100,5400,3200,0,0,0,0,0,0,0,0,7450,1350,0,0,0,0,0,0,0,0
4903945,3700,87,1200,2,730,470,0,0,0,0,0,0,0,0,0,2450,0,0,0,0,0,0,0,0,0
4903946,4300,75,1470,2,950,520,0,0,0,0,0,0,0,0,0,2400,0,0,0,0,0,0,0,0,0
4903947,11100,74,15400,4,3800,3400,4800,3400,0,0,0,0,0,0,0,2500,3750,1200,0,0,0,0,0,0,0
4903948,7300,99,2940,2,1200,1740,0,0,0,0,0,0,0,0,0,4250,0,0,0,0,0,0,0,0,0
4903949,9000,76,7000,3,2200,2600,2200,0,0,0,0,0,0,0,0,5250,1200,0,0,0,0,0,0,0,0
4903950,4500,82,1050,2,550,500,0,0,0,0,0,0,0,0,0,2500,0,0,0,0,0,0,0,0,0
4903951,17500,78,42800,6,4600,8200,5900,6800,9100,8200,0,0,0,0,0,3450,1300,4750,2350,2400,0,0,0,0,0
4903952,4700,86,1280,2,780,500,0,0,0,0,0,0,0,0,0,2550,0,0,0,0,0,0,0,0,0
4903953,9100,80,8200,3,2000,2400,3800,0,0,0,0,0,0,0,0,1850,3350,0,0,0,0,0,0,0,0
4903954,4400,88,11400,2,4000,7400,0,0,0,0,0,0,0,0,0,3050,0,0,0,0,0,0,0,0,0
4903955,22500,88,6700,2,3100,3600,0,0,0,0,0,0,0,0,0,1200,0,0,0,0,0,0,0,0,0
4903956,4000,123,1580,2,1010,570,0,0,0,0,0,0,0,0,0,2500,0,0,0,0,0,0,0,0,0
4903957,4200,99,1760,2,990,770,0,0,0,0,0,0,0,0,0,2550,0,0,0,0,0,0,0,0,0
4903958,4500,87,770,2,430,340,0,0,0,0,0,0,0,0,0,2450,0,0,0,0,0,0,0,0,0
4903959,4200,99,1300,2,780,520,0,0,0,0,0,0,0,0,0,2450,0,0,0,0,0,0,0,0,0
4903960,4100,104,1050,2,540,510,0,0,0,0,0,0,0,0,0,2600,0,0,0,0,0,0,0,0,0
4903961,4400,92,870,2,480,390,0,0,0,0,0,0,0,0,0,2350,0,0,0,0,0,0,0,0,0
4903962,1600,81,410,2,100,310,0,0,0,0,0,0,0,0,0,1250,0,0,0,0,0,0,0,0,0
4903963,4700,91,3060,2,1470,1590,0,0,0,0,0,0,0,0,0,3050,0,0,0,0,0,0,0,0,0
4903964,5000,79,5800,2,2500,3300,0,0,0,0,0,0,0,0,0,2850,0,0,0,0,0,0,0,0,0
4903965,4400,99,630,2,360,270,0,0,0,0,0,0,0,0,0,2450,0,0,0,0,0,0,0,0,0
4903966,4300,103,800,2,420,380,0,0,0,0,0,0,0,0,0,2450,0,0,0,0,0,0,0,0,0
4903967,4300,105,1000,2,580,420,0,0,0,0,0,0,0,0,0,2700,0,0,0,0,0,0,0,0,0
4903968,4100,75,1610,2,800,810,0,0,0,0,0,0,0,0,0,2550,0,0,0,0,0,0,0,0,0
4903969,4000,103,520,2,330,190,0,0,0,0,0,0,0,0,0,2500,0,0,0,0,0,0,0,0,0
4903970,4400,100,570,2,380,190,0,0,0,0,0,0,0,0,0,2500,0,0,0,0,0,0,0,0,0
4903971,3800,116,440,2,240,200,0,0,0,0,0,0,0,0,0,2600,0,0,0,0,0,0,0,0,0
4903972,4000,111,890,2,490,400,0,0,0,0,0,0,0,0,0,2500,0,0,0,0,0,0,0,0,0
4903973,4000,111,830,2,510,320,0,0,0,0,0,0,0,0,0,2400,0,0,0,0,0,0,0,0,0
4903974,4100,71,1560,2,860,700,0,0,0,0,0,0,0,0,0,2700,0,0,0,0,0,0,0,0,0
4903975,9100,66,6100,2,2700,3400,0,0,0,0,0,0,0,0,0,5350,0,0,0,0,0,0,0,0,0
4903976,9100,82,15700,3,5100,6100,4500,0,0,0,0,0,0,0,0,5100,1300,0,0,0,0,0,0,0,0
4903977,4100,106,1520,2,880,640,0,0,0,0,0,0,0,0,0,2500,0,0,0,0,0,0,0,0,0
4903978,1600,79,270,2,90,180,0,0,0,0,0,0,0,0,0,1300,0,0,0,0,0,0,0,0,0
4903979,15100,75,24800,5,2700,4000,5300,5900,6900,0,0,0,0,0,0,3550,5350,1200,1200,0,0,0,0,0,0
4903980,4300,103,730,2,380,350,0,0,0,0,0,0,0,0,0,2700,0,0,0,0,0,0,0,0,0
4903981,4100,102,1190,2,710,480,0,0,0,0,0,0,0,0,0,2400,0,0,0,0,0,0,0,0,0
4903982,4300,103,1740,2,1020,720,0,0,0,0,0,0,0,0,0,2450,0,0,0,0,0,0,0,0,0
4903983,4000,64,970,2,580,390,0,0,0,0,0,0,0,0,0,2400,0,0,0,0,0,0,0,0,0
4903984,4100,81,740,2,420,320,0,0,0,0,0,0,0,0,0,2600,0,0,0,0,0,0,0,0,0
4903985,4300,94,1870,2,1100,770,0,0,0,0,0,0,0,0,0,2450,0,0,0,0,0,0,0,0,0
4903986,8900,87,9000,2,2600,6400,0,0,0,0,0,0,0,0,0,4750,0,0,0,0,0,0,0,0,0
4903987,4200,93,560,2,370,190,0,0,0,0,0,0,0,0,0,2750,0,0,0,0,0,0,0,0,0
4903988,4400,97,1040,2,580,460,0,0,0,0,0,0,0,0,0,2600,0,0,0,0,0,0,0,0,0
4903989,17400,71,31000,5,3100,7700,6300,6300,7600,0,0,0,0,0,0,4400,6650,1200,1200,0,0,0,0,0,0
4903990,4100,111,740,2,430,310,0,0,0,0,0,0,0,0,0,2450,0,0,0,0,0,0,0,0,0
4903991,4200,91,1480,2,800,680,0,0,0,0,0,0,0,0,0,2450,0,0,0,0,0,0,0,0,0
4903992,4200,73,1010,2,570,440,0,0,0,0,0,0,0,0,0,2350,0,0,0,0,0,0,0,0,0
4903993,4100,107,740,2,400,340,0,0,0,0,0,0,0,0,0,2600,0,0,0,0,0,0,0,0,0
4903994,4500,114,1690,2,950,740,0,0,0,0,0,0,0,0,0,2400,0,0,0,0,0,0,0,0,0
4903995,21000,67,5200,4,860,2300,1180,860,0,0,0,0,0,0,0,4200,11200,1150,0,0,0,0,0,0,0
4903996,2900,106,1230,2,720,510,0,0,0,0,0,0,0,0,0,2550,0,0,0,0,0,0,0,0,0
4903997,5100,86,4800,2,1500,3300,0,0,0,0,0,0,0,0,0,2950,0,0,0,0,0,0,0,0,0
4903998,4500,86,1880,2,1090,790,0,0,0,0,0,0,0,0,0,2700,0,0,0,0,0,0,0,0,0
4903999,4300,94,1550,2,870,680,0,0,0,0,0,0,0,0,0,2550,0,0,0,0,0,0,0,0,0
4904000,4300,94,1650,2,940,710,0,0,0,0,0,0,0,0,0,2500,0,0,0,0,0,0,0,0,0
4904001,8800,83,14200,3,3700,5600,4900,0,0,0,0,0,0,0,0,4750,1200,0,0,0,0,0,0,0,0
4904002,17700,83,10900,4,2200,4100,2700,1900,0,0,0,0,0,0,0,3450,9450,1250,0,0,0,0,0,0,0
4904003,4000,90,1540,2,860,680,0,0,0,0,0,0,0,0,0,2600,0,0,0,0,0,0,0,0,0
4904004,4500,83,1610,2,980,630,0,0,0,0,0,0,0,0,0,2600,0,0,0,0,0,0,0,0,0
4904005,5500,92,4260,2,2010,2250,0,0,0,0,0,0,0,0,0,3500,0,0,0,0,0,0,0,0,0
4904006,10700,78,13300,3,4200,4900,4200,0,0,0,0,0,0,0,0,5350,1200,0,0,0,0,0,0,0,0
4904007,4400,103,810,2,460,350,0,0,0,0,0,0,0,0,0,2500,0,0,0,0,0,0,0,0,0
4904008,15900,67,32400,6,3800,7500,6200,4500,5400,5000,0,0,0,0,0,3650,1250,5700,1200,1200,0,0,0,0,0
4904009,9700,67,10800,3,3900,3900,3000,0,0,0,0,0,0,0,0,5200,1250,0,0,0,0,0,0,0,0
4904010,8900,81,6800,2,3500,3300,0,0,0,0,0,0,0,0,0,5350,0,0,0,0,0,0,0,0,0
4904011,18600,92,35600,6,3400,6600,4300,9000,7600,4700,0,0,0,0,0,4700,1300,6250,1300,1300,0,0,0,0,0
4904012,4500,74,1440,2,740,700,0,0,0,0,0,0,0,0,0,2400,0,0,0,0,0,0,0,0,0
4904013,4000,90,780,2,510,270,0,0,0,0,0,0,0,0,0,2450,0,0,0,0,0,0,0,0,0
4904014,4100,66,550,2,280,270,0,0,0,0,0,0,0,0,0,2450,0,0,0,0,0,0,0,0,0
4904015,4300,94,750,2,460,290,0,0,0,0,0,0,0,0,0,2400,0,0,0,0,0,0,0,0,0
4904016,16900,72,15800,3,3500,7900,4400,0,0,0,0,0,0,0,0,3500,10100,0,0,0,0,0,0,0,0
4904017,12100,86,10600,2,4300,6300,0,0,0,0,0,0,0,0,0,6750,0,0,0,0,0,0,0,0,0
4904018,4000,87,1460,2,820,640,0,0,0,0,0,0,0,0,0,2350,0,0,0,0,0,0,0,0,0
4904019,4300,88,1040,2,670,370,0,0,0,0,0,0,0,0,0,2400,0,0,0,0,0,0,0,0,0
4904020,13200,85,14200,3,4300,3200,6700,0,0,0,0,0,0,0,0,5800,1450,0,0,0,0,0,0,0,0
4904021,4200,90,1100,2,710,390,0,0,0,0,0,0,0,0,0,2450,0,0,0,0,0,0,0,0,0
4904022,4300,99,1710,2,980,730,0,0,0,0,0,0,0,0,0,2450,0,0,0,0,0,0,0,0,0
4904023,18100,65,14400,4,3800,3600,3900,3100,0,0,0,0,0,0,0,3550,8500,1250,0,0,0,0,0,0,0
4904024,4100,85,1020,2,620,400,0,0,0,0,0,0,0,0,0,2450,0,0,0,0,0,0,0,0,0
4904025,12300,74,6300,3,1800,4300,200,0,0,0,0,0,0,0,0,4200,6500,0,0,0,0,0,0,0,0
4904026,4000,90,1170,2,700,470,0,0,0,0,0,0,0,0,0,2550,0,0,0,0,0,0,0,0,0
4904027,4200,104,850,2,510,340,0,0,0,0,0,0,0,0,0,2400,0,0,0,0,0,0,0,0,0
4904028,4100,87,1030,2,660,370,0,0,0,0,0,0,0,0,0,2500,0,0,0,0,0,0,0,0,0
4904029,3900,98,840,2,470,370,0,0,0,0,0,0,0,0,0,2350,0,0,0,0,0,0,0,0,0
4904030,4200,91,1280,2,670,610,0,0,0,0,0,0,0,0,0,2450,0,0,0,0,0,0,0,0,0
4904031,4200,105,1320,2,730,590,0,0,0,0,0,0,0,0,0,2450,0,0,0,0,0,0,0,0,0
4904032,3900,90,830,2,520,310,0,0,0,0,0,0,0,0,0,2400,0,0,0,0,0,0,0,0,0
4904033,14900,78,11100,4,1900,5300,2300,1600,0,0,0,0,0,0,0,3750,7950,1250,0,0,0,0,0,0,0
4904034,4400,91,1610,2,980,630,0,0,0,0,0,0,0,0,0,2400,0,0,0,0,0,0,0,0,0
4904035,4000,103,690,2,390,300,0,0,0,0,0,0,0,0,0,2300,0,0,0,0,0,0,0,0,0
4904036,9400,85,12100,3,3300,4700,4100,0,0,0,0,0,0,0,0,5300,1350,0,0,0,0,0,0,0,0
4904037,17000,68,12900,5,3700,3200,2000,1800,2200,0,0,0,0,0,0,3550,6650,1250,1250,0,0,0,0,0,0
4904038,4200,104,1810,2,990,820,0,0,0,0,0,0,0,0,0,2650,0,0,0,0,0,0,0,0,0
4904039,4000,87,560,2,340,220,0,0,0,0,0,0,0,0,0,2450,0,0,0,0,0,0,0,0,0
4904040,4000,95,1200,2,760,440,0,0,0,0,0,0,0,0,0,2450,0,0,0,0,0,0,0,0,0
4904041,17500,76,37100,7,3900,5900,5900,4800,5900,5400,5300,0,0,0,0,3650,1200,4400,1200,3100,1200,0,0,0,0
4904042,4200,89,980,2,670,310,0,0,0,0,0,0,0,0,0,2400,0,0,0,0,0,0,0,0,0
4904043,4400,80,11200,2,3300,7900,0,0,0,0,0,0,0,0,0,3050,0,0,0,0,0,0,0,0,0
4904044,22400,80,7400,2,3400,4000,0,0,0,0,0,0,0,0,0,1100,0,0,0,0,0,0,0,0,0
4904045,4400,90,7100,2,3300,3800,0,0,0,0,0,0,0,0,0,3550,0,0,0,0,0,0,0,0,0
4904046,22200,90,5400,2,3100,2300,0,0,0,0,0,0,0,0,0,1200,0,0,0,0,0,0,0,0,0
4904047,6800,81,18300,3,4300,7500,6500,0,0,0,0,0,0,0,0,3600,1200,0,0,0,0,0,0,0,0
4904048,4500,84,1380,2,710,670,0,0,0,0,0,0,0,0,0,2500,0,0,0,0,0,0,0,0,0
4904049,4300,80,6800,2,3500,3300,0,0,0,0,0,0,0,0,0,3500,0,0,0,0,0,0,0,0,0
4904050,20600,79,4900,2,2900,2000,0,0,0,0,0,0,0,0,0,1100,0,0,0,0,0,0,0,0,0
4904051,4200,96,1510,2,1000,510,0,0,0,0,0,0,0,0,0,2400,0,0,0,0,0,0,0,0,0
4904052,4000,110,1850,2,1080,770,0,0,0,0,0,0,0,0,0,2600,0,0,0,0,0,0,0,0,0
4904053,4000,123,920,2,470,450,0,0,0,0,0,0,0,0,0,2700,0,0,0,0,0,0,0,0,0
4904054,18000,78,21600,6,3400,4200,3300,3600,3400,3700,0,0,0,0,0,3050,1300,8700,1200,1200,0,0,0,0,0
4904055,4400,98,1180,2,610,570,0,0,0,0,0,0,0,0,0,2700,0,0,0,0,0,0,0,0,0
4904056,9400,80,21500,4,5200,3200,6700,6400,0,0,0,0,0,0,0,2200,2950,1200,0,0,0,0,0,0,0
4904057,15400,71,33400,6,2900,5700,5400,5900,6600,6900,0,0,0,0,0,3650,1250,5100,1250,1200,0,0,0,0,0
4904058,4300,90,1810,2,1050,760,0,0,0,0,0,0,0,0,0,2650,0,0,0,0,0,0,0,0,0
4904059,3700,90,2120,2,1240,880,0,0,0,0,0,0,0,0,0,2600,0,0,0,0,0,0,0,0,0
4904060,4000,110,1130,2,680,450,0,0,0,0,0,0,0,0,0,2450,0,0,0,0,0,0,0,0,0
4904061,4200,96,1150,2,710,440,0,0,0,0,0,0,0,0,0,2450,0,0,0,0,0,0,0,0,0
4904062,4500,76,880,2,460,420,0,0,0,0,0,0,0,0,0,2350,0,0,0,0,0,0,0,0,0
4904063,4600,92,9000,2,5100,3900,0,0,0,0,0,0,0,0,0,3700,0,0,0,0,0,0,0,0,0
4904064,21900,93,7300,2,3800,3500,0,0,0,0,0,0,0,0,0,1200,0,0,0,0,0,0,0,0,0
4904065,16400,82,14400,3,3200,5700,5500,0,0,0,0,0,0,0,0,4250,7500,0,0,0,0,0,0,0,0
4904066,4500,88,1040,2,590,450,0,0,0,0,0,0,0,0,0,2450,0,0,0,0,0,0,0,0,0
4904067,4500,99,1660,2,970,690,0,0,0,0,0,0,0,0,0,2750,0,0,0,0,0,0,0,0,0
4904068,4200,97,930,2,540,390,0,0,0,0,0,0,0,0,0,2600,0,0,0,0,0,0,0,0,0
4904069,4100,92,1410,2,700,710,0,0,0,0,0,0,0,0,0,2650,0,0,0,0,0,0,0,0,0
4904070,6100,80,3640,2,2010,1630,0,0,0,0,0,0,0,0,0,3850,0,0,0,0,0,0,0,0,0
4904071,4500,102,1080,2,670,410,0,0,0,0,0,0,0,0,0,2400,0,0,0,0,0,0,0,0,0
4904072,4000,82,970,2,620,350,0,0,0,0,0,0,0,0,0,2450,0,0,0,0,0,0,0,0,0
4904073,4100,67,680,2,390,290,0,0,0,0,0,0,0,0,0,2400,0,0,0,0,0,0,0,0,0
4904074,4400,89,1190,2,730,460,0,0,0,0,0,0,0,0,0,2400,0,0,0,0,0,0,0,0,0
4904075,4300,72,800,2,430,370,0,0,0,0,0,0,0,0,0,2350,0,0,0,0,0,0,0,0,0
4904076,15800,82,40400,6,4600,7300,6100,7800,7800,6800,0,0,0,0,0,3550,1250,5650,1200,1250,0,0,0,0,0
4904077,9700,77,6370,4,1570,1220,1860,1720,0,0,0,0,0,0,0,1900,4550,1200,0,0,0,0,0,0,0
4904078,4500,95,1190,2,670,520,0,0,0,0,0,0,0,0,0,2400,0,0,0,0,0,0,0,0,0
4904079,5800,100,3410,2,1750,1660,0,0,0,0,0,0,0,0,0,3400,0,0,0,0,0,0,0,0,0
4904080,4500,118,1500,2,830,670,0,0,0,0,0,0,0,0,0,2500,0,0,0,0,0,0,0,0,0
4904081,6300,75,9800,2,3000,6800,0,0,0,0,0,0,0,0,0,3450,0,0,0,0,0,0,0,0,0
4904082,3200,84,1390,2,660,730,0,0,0,0,0,0,0,0,0,2550,0,0,0,0,0,0,0,0,0
4904083,12000,53,10600,3,3500,4300,2800,0,0,0,0,0,0,0,0,7000,1250,0,0,0,0,0,0,0,0
4904084,4200,85,1190,2,680,510,0,0,0,0,0,0,0,0,0,2450,0,0,0,0,0,0,0,0,0
4904085,7100,69,8300,2,3600,4700,0,0,0,0,0,0,0,0,0,4250,0,0,0,0,0,0,0,0,0
4904086,10100,85,5200,2,2700,2500,0,0,0,0,0,0,0,0,0,6050,0,0,0,0,0,0,0,0,0
4904087,15100,75,14100,5,5800,2600,1800,2500,1400,0,0,0,0,0,0,4150,1250,6300,1200,0,0,0,0,0,0
4904088,8700,77,10500,2,3200,7300,0,0,0,0,0,0,0,0,0,5100,0,0,0,0,0,0,0,0,0
4904089,4200,95,940,2,560,380,0,0,0,0,0,0,0,0,0,2650,0,0,0,0,0,0,0,0,0
4904090,4000,82,1820,2,1070,750,0,0,0,0,0,0,0,0,0,2600,0,0,0,0,0,0,0,0,0
4904091,4100,77,1350,2,700,650,0,0,0,0,0,0,0,0,0,2400,0,0,0,0,0,0,0,0,0
4904092,6800,67,4780,2,2380,2400,0,0,0,0,0,0,0,0,0,4050,0,0,0,0,0,0,0,0,0
4904093,10400,83,6100,2,2400,3700,0,0,0,0,0,0,0,0,0,5100,0,0,0,0,0,0,0,0,0
4904094,4300,85,1260,2,760,500,0,0,0,0,0,0,0,0,0,2500,0,0,0,0,0,0,0,0,0
4904095,4000,72,1450,2,850,600,0,0,0,0,0,0,0,0,0,2450,0,0,0,0,0,0,0,0,0
4904096,8600,88,7100,2,3300,3800,0,0,0,0,0,0,0,0,0,4800,0,0,0,0,0,0,0,0,0
4904097,3600,77,550,2,330,220,0,0,0,0,0,0,0,0,0,2450,0,0,0,0,0,0,0,0,0
4904098,4100,110,950,2,480,470,0,0,0,0,0,0,0,0,0,2350,0,0,0,0,0,0,0,0,0
4904099,5200,102,3080,2,1790,1290,0,0,0,0,0,0,0,0,0,3150,0,0,0,0,0,0,0,0,0
4904100,4500,81,1020,2,630,390,0,0,0,0,0,0,0,0,0,2750,0,0,0,0,0,0,0,0,0
4904101,4500,94,2310,2,1140,1170,0,0,0,0,0,0,0,0,0,3100,0,0,0,0,0,0,0,0,0
4904102,4000,103,940,2,520,420,0,0,0,0,0,0,0,0,0,2450,0,0,0,0,0,0,0,0,0
4904103,18700,87,19400,5,4800,3100,3200,4700,3600,0,0,0,0,0,0,3500,1350,6300,5000,0,0,0,0,0,0
4904104,4400,91,1450,2,870,580,0,0,0,0,0,0,0,0,0,2500,0,0,0,0,0,0,0,0,0
4904105,4500,91,1330,2,850,480,0,0,0,0,0,0,0,0,0,2700,0,0,0,0,0,0,0,0,0
4904106,4100,96,1050,2,610,440,0,0,0,0,0,0,0,0,0,2450,0,0,0,0,0,0,0,0,0
4904107,4300,85,5800,2,3000,2800,0,0,0,0,0,0,0,0,0,3500,0,0,0,0,0,0,0,0,0
4904108,21900,85,6600,2,3500,3100,0,0,0,0,0,0,0,0,0,1200,0,0,0,0,0,0,0,0,0
4904109,17700,88,32300,6,3800,3900,4200,10200,5400,4800,0,0,0,0,0,3500,1200,4900,2500,2500,0,0,0,0,0
4904110,18500,89,16900,6,1700,4600,1900,2900,2400,3400,0,0,0,0,0,3800,1250,7300,1250,1150,0,0,0,0,0
4904111,16100,77,30000,6,3900,5700,3500,5300,5600,6000,0,0,0,0,0,3700,1250,6200,1200,1250,0,0,0,0,0
4904112,4300,106,2180,2,1140,1040,0,0,0,0,0,0,0,0,0,2600,0,0,0,0,0,0,0,0,0
4904113,18600,74,36100,6,3100,5800,4200,11500,6100,5400,0,0,0,0,0,3400,1250,5300,2450,2400,0,0,0,0,0
4904114,6900,84,7000,2,2600,4400,0,0,0,0,0,0,0,0,0,4250,0,0,0,0,0,0,0,0,0
4904115,4500,86,9400,2,4400,5000,0,0,0,0,0,0,0,0,0,3600,0,0,0,0,0,0,0,0,0
4904116,22100,87,6400,2,3400,3000,0,0,0,0,0,0,0,0,0,1200,0,0,0,0,0,0,0,0,0
4904117,4500,87,7000,2,3700,3300,0,0,0,0,0,0,0,0,0,3650,0,0,0,0,0,0,0,0,0
4904118,21700,87,4900,2,2200,2700,0,0,0,0,0,0,0,0,0,1200,0,0,0,0,0,0,0,0,0
4904119,5700,102,4050,2,1700,2350,0,0,0,0,0,0,0,0,0,3550,0,0,0,0,0,0,0,0,0
4904120,3700,102,2120,2,1240,880,0,0,0,0,0,0,0,0,0,2600,0,0,0,0,0,0,0,0,0
4904121,3200,113,3700,2,200,3500,0,0,0,0,0,0,0,0,0,2200,0,0,0,0,0,0,0,0,0
4904122,4200,72,1520,2,910,610,0,0,0,0,0,0,0,0,0,2500,0,0,0,0,0,0,0,0,0
4904123,4400,85,1320,2,880,440,0,0,0,0,0,0,0,0,0,2500,0,0,0,0,0,0,0,0,0
4904124,8100,83,8100,3,2500,2600,3000,0,0,0,0,0,0,0,0,4800,1300,0,0,0,0,0,0,0,0
4904125,4100,91,1070,2,640,430,0,0,0,0,0,0,0,0,0,2600,0,0,0,0,0,0,0,0,0
4904126,4200,69,1210,2,540,670,0,0,0,0,0,0,0,0,0,2350,0,0,0,0,0,0,0,0,0
4904127,1700,101,100,2,40,60,0,0,0,0,0,0,0,0,0,1350,0,0,0,0,0,0,0,0,0
4904128,4500,85,1480,2,870,610,0,0,0,0,0,0,0,0,0,2600,0,0,0,0,0,0,0,0,0
4904129,4200,87,830,2,470,360,0,0,0,0,0,0,0,0,0,2700,0,0,0,0,0,0,0,0,0
4904130,4400,83,1450,2,800,650,0,0,0,0,0,0,0,0,0,2400,0,0,0,0,0,0,0,0,0
4904131,4500,72,970,2,540,430,0,0,0,0,0,0,0,0,0,2300,0,0,0,0,0,0,0,0,0
4904132,11700,47,8100,3,2600,2900,2600,0,0,0,0,0,0,0,0,7100,1350,0,0,0,0,0,0,0,0
4904133,4100,96,760,2,440,320,0,0,0,0,0,0,0,0,0,2550,0,0,0,0,0,0,0,0,0
4904134,8600,69,20900,3,4300,9700,6900,0,0,0,0,0,0,0,0,4800,1200,0,0,0,0,0,0,0,0
4904135,17800,74,20400,5,5800,5700,1700,3400,3800,0,0,0,0,0,0,3450,1300,7500,2400,0,0,0,0,0,0
4904136,14300,83,10300,4,2900,3700,1900,1800,0,0,0,0,0,0,0,3750,7600,1250,0,0,0,0,0,0,0
4904137,15800,84,2400,4,590,700,700,410,0,0,0,0,0,0,0,3800,7650,1250,0,0,0,0,0,0,0
4904138,4200,82,840,2,500,340,0,0,0,0,0,0,0,0,0,2450,0,0,0,0,0,0,0,0,0
4904139,3900,114,750,2,460,290,0,0,0,0,0,0,0,0,0,2400,0,0,0,0,0,0,0,0,0
4904140,4000,99,1000,2,650,350,0,0,0,0,0,0,0,0,0,2450,0,0,0,0,0,0,0,0,0
4904141,4000,99,1480,2,850,630,0,0,0,0,0,0,0,0,0,2450,0,0,0,0,0,0,0,0,0
4904142,4300,103,690,2,420,270,0,0,0,0,0,0,0,0,0,2450,0,0,0,0,0,0,0,0,0
4904143,3800,79,660,2,410,250,0,0,0,0,0,0,0,0,0,2350,0,0,0,0,0,0,0,0,0
4904144,4200,91,860,2,530,330,0,0,0,0,0,0,0,0,0,2700,0,0,0,0,0,0,0,0,0
4904145,9500,85,13400,3,3500,5500,4400,0,0,0,0,0,0,0,0,5200,1200,0,0,0,0,0,0,0,0
4904146,4300,98,670,2,410,260,0,0,0,0,0,0,0,0,0,2500,0,0,0,0,0,0,0,0,0
4904147,4200,99,1320,2,650,670,0,0,0,0,0,0,0,0,0,2350,0,0,0,0,0,0,0,0,0
4904148,4500,98,1880,2,940,940,0,0,0,0,0,0,0,0,0,2350,0,0,0,0,0,0,0,0,0
4904149,4500,93,2040,2,1150,890,0,0,0,0,0,0,0,0,0,2950,0,0,0,0,0,0,0,0,0
4904150,4100,93,540,2,320,220,0,0,0,0,0,0,0,0,0,2650,0,0,0,0,0,0,0,0,0
4904151,4200,94,1290,2,740,550,0,0,0,0,0,0,0,0,0,2450,0,0,0,0,0,0,0,0,0
4904152,4000,106,1170,2,710,460,0,0,0,0,0,0,0,0,0,2450,0,0,0,0,0,0,0,0,0
4904153,3700,83,2020,2,1180,840,0,0,0,0,0,0,0,0,0,2600,0,0,0,0,0,0,0,0,0
4904154,3700,83,2020,2,1180,840,0,0,0,0,0,0,0,0,0,2600,0,0,0,0,0,0,0,0,0
4904155,5900,83,3210,2,980,2230,0,0,0,0,0,0,0,0,0,4700,0,0,0,0,0,0,0,0,0
4904156,4000,86,940,2,580,360,0,0,0,0,0,0,0,0,0,2650,0,0,0,0,0,0,0,0,0
4904157,3700,86,2080,2,1210,870,0,0,0,0,0,0,0,0,0,2600,0,0,0,0,0,0,0,0,0
4904158,16600,80,14300,4,2700,5500,3700,2400,0,0,0,0,0,0,0,3750,8050,1250,0,0,0,0,0,0,0
4904159,4100,83,950,2,580,370,0,0,0,0,0,0,0,0,0,2350,0,0,0,0,0,0,0,0,0
4904160,5400,98,2820,2,1340,1480,0,0,0,0,0,0,0,0,0,3500,0,0,0,0,0,0,0,0,0
4904161,4000,95,810,2,510,300,0,0,0,0,0,0,0,0,0,2350,0,0,0,0,0,0,0,0,0
4904162,4200,99,2090,2,1270,820,0,0,0,0,0,0,0,0,0,2650,0,0,0,0,0,0,0,0,0
4904163,8600,82,5800,3,2050,2010,1740,0,0,0,0,0,0,0,0,5300,1400,0,0,0,0,0,0,0,0
4904164,4400,71,1100,2,650,450,0,0,0,0,0,0,0,0,0,2500,0,0,0,0,0,0,0,0,0
4904165,7400,86,4900,2,1900,3000,0,0,0,0,0,0,0,0,0,4200,0,0,0,0,0,0,0,0,0
4904166,3700,91,1060,2,630,430,0,0,0,0,0,0,0,0,0,2450,0,0,0,0,0,0,0,0,0
4904167,17100,77,19800,5,2700,4600,1600,4700,6200,0,0,0,0,0,0,4250,1250,7050,1350,0,0,0,0,0,0
4904168,4300,86,1470,2,920,550,0,0,0,0,0,0,0,0,0,2600,0,0,0,0,0,0,0,0,0
4904169,4400,75,6800,2,3500,3300,0,0,0,0,0,0,0,0,0,3550,0,0,0,0,0,0,0,0,0
4904170,3700,75,2020,2,1180,840,0,0,0,0,0,0,0,0,0,2600,0,0,0,0,0,0,0,0,0
4904171,4000,108,2220,2,1280,940,0,0,0,0,0,0,0,0,0,2700,0,0,0,0,0,0,0,0,0
4904172,4300,99,1740,2,980,760,0,0,0,0,0,0,0,0,0,2550,0,0,0,0,0,0,0,0,0
4904173,7100,80,2950,2,1490,1460,0,0,0,0,0,0,0,0,0,4850,0,0,0,0,0,0,0,0,0
4904174,7100,64,5600,2,2200,3400,0,0,0,0,0,0,0,0,0,4250,0,0,0,0,0,0,0,0,0
4904175,3900,87,1510,2,860,650,0,0,0,0,0,0,0,0,0,2300,0,0,0,0,0,0,0,0,0
4904176,4500,76,1140,2,700,440,0,0,0,0,0,0,0,0,0,2450,0,0,0,0,0,0,0,0,0
4904177,4400,83,8700,2,3300,5400,0,0,0,0,0,0,0,0,0,3100,0,0,0,0,0,0,0,0,0
4904178,22200,83,5100,2,2700,2400,0,0,0,0,0,0,0,0,0,1200,0,0,0,0,0,0,0,0,0
4904179,7500,88,3690,2,1930,1760,0,0,0,0,0,0,0,0,0,4250,0,0,0,0,0,0,0,0,0
4904180,4000,87,770,2,460,310,0,0,0,0,0,0,0,0,0,2500,0,0,0,0,0,0,0,0,0
4904181,4100,80,1290,2,680,610,0,0,0,0,0,0,0,0,0,2600,0,0,0,0,0,0,0,0,0
4904182,9500,79,16800,3,4500,6500,5800,0,0,0,0,0,0,0,0,5300,1200,0,0,0,0,0,0,0,0
4904183,3700,87,2080,2,1210,870,0,0,0,0,0,0,0,0,0,2600,0,0,0,0,0,0,0,0,0
4904184,9700,67,27200,3,3800,12300,11100,0,0,0,0,0,0,0,0,5100,1250,0,0,0,0,0,0,0,0
4904185,5000,72,1530,2,760,770,0,0,0,0,0,0,0,0,0,3500,0,0,0,0,0,0,0,0,0
4904186,7300,72,4110,2,2080,2030,0,0,0,0,0,0,0,0,0,3950,0,0,0,0,0,0,0,0,0
4904187,4100,93,1480,2,870,610,0,0,0,0,0,0,0,0,0,2650,0,0,0,0,0,0,0,0,0
4904188,3700,72,2020,2,1180,840,0,0,0,0,0,0,0,0,0,2600,0,0,0,0,0,0,0,0,0
4904189,4400,98,1920,2,900,1020,0,0,0,0,0,0,0,0,0,2650,0,0,0,0,0,0,0,0,0
4904190,4400,105,740,2,460,280,0,0,0,0,0,0,0,0,0,2450,0,0,0,0,0,0,0,0,0
4904191,4200,103,840,2,530,310,0,0,0,0,0,0,0,0,0,2450,0,0,0,0,0,0,0,0,0
4904192,8900,88,3870,2,2030,1840,0,0,0,0,0,0,0,0,0,5900,0,0,0,0,0,0,0,0,0
4904193,4500,110,2480,2,1390,1090,0,0,0,0,0,0,0,0,0,2600,0,0,0,0,0,0,0,0,0
4904194,4000,110,1220,2,790,430,0,0,0,0,0,0,0,0,0,2500,0,0,0,0,0,0,0,0,0
4904195,4200,98,1180,2,700,480,0,0,0,0,0,0,0,0,0,2450,0,0,0,0,0,0,0,0,0
4904196,1600,99,140,2,40,100,0,0,0,0,0,0,0,0,0,1300,0,0,0,0,0,0,0,0,0
4904197,1600,95,290,2,120,170,0,0,0,0,0,0,0,0,0,1350,0,0,0,0,0,0,0,0,0
4904198,4200,92,1000,2,600,400,0,0,0,0,0,0,0,0,0,2450,0,0,0,0,0,0,0,0,0
4904199,4000,93,730,2,410,320,0,0,0,0,0,0,0,0,0,2450,0,0,0,0,0,0,0,0,0
4904200,18200,77,48500,7,4200,3500,11300,8300,7300,6000,7900,0,0,0,0,1950,3950,1300,4050,3150,1200,0,0,0,0
4904201,4000,87,930,2,610,320,0,0,0,0,0,0,0,0,0,2350,0,0,0,0,0,0,0,0,0
4904202,4000,85,940,2,590,350,0,0,0,0,0,0,0,0,0,2350,0,0,0,0,0,0,0,0,0
4904203,4200,91,1640,2,960,680,0,0,0,0,0,0,0,0,0,2600,0,0,0,0,0,0,0,0,0
4904204,4000,99,1010,2,510,500,0,0,0,0,0,0,0,0,0,2350,0,0,0,0,0,0,0,0,0
4904205,4400,98,1270,2,770,500,0,0,0,0,0,0,0,0,0,2600,0,0,0,0,0,0,0,0,0
4904206,4000,86,1830,2,1050,780,0,0,0,0,0,0,0,0,0,2550,0,0,0,0,0,0,0,0,0
4904207,4400,93,2870,2,1510,1360,0,0,0,0,0,0,0,0,0,2900,0,0,0,0,0,0,0,0,0
4904208,15600,87,13100,4,3500,5500,2400,1700,0,0,0,0,0,0,0,3450,8200,1200,0,0,0,0,0,0,0
4904209,18200,73,40700,6,4100,7500,6900,6800,7600,7800,0,0,0,0,0,3700,1200,7200,1200,1200,0,0,0,0,0
4904210,9100,86,19900,3,4700,8100,7100,0,0,0,0,0,0,0,0,4700,1350,0,0,0,0,0,0,0,0
4904211,15300,69,13800,4,3400,5500,2500,2400,0,0,0,0,0,0,0,3650,7950,1200,0,0,0,0,0,0,0
4904212,16000,85,50000,6,5700,7600,6500,9600,9500,11100,0,0,0,0,0,3750,1250,5950,1200,1150,0,0,0,0,0
4904213,15400,88,32100,5,4000,7300,6600,6800,7400,0,0,0,0,0,0,3700,5250,1200,1200,0,0,0,0,0,0
4904214,17200,90,36300,6,4300,6600,5200,5600,6200,8400,0,0,0,0,0,3500,1250,6150,1200,1200,0,0,0,0,0
4904215,4000,106,1860,2,1060,800,0,0,0,0,0,0,0,0,0,2650,0,0,0,0,0,0,0,0,0
4904216,12300,90,11100,4,3800,3400,2200,1700,0,0,0,0,0,0,0,4450,5100,1250,0,0,0,0,0,0,0
4904217,4200,85,1640,2,890,750,0,0,0,0,0,0,0,0,0,2750,0,0,0,0,0,0,0,0,0
4904218,4000,79,1210,2,730,480,0,0,0,0,0,0,0,0,0,2600,0,0,0,0,0,0,0,0,0
4904219,4200,86,1470,2,990,480,0,0,0,0,0,0,0,0,0,2450,0,0,0,0,0,0,0,0,0
4904220,16200,74,9900,5,3000,2600,1000,1400,1900,0,0,0,0,0,0,4150,6700,1200,1200,0,0,0,0,0,0
4904221,4600,114,1520,2,810,710,0,0,0,0,0,0,0,0,0,3050,0,0,0,0,0,0,0,0,0
4904222,8100,71,7400,2,2900,4500,0,0,0,0,0,0,0,0,0,6350,0,0,0,0,0,0,0,0,0
4904223,4100,109,1320,2,760,560,0,0,0,0,0,0,0,0,0,2600,0,0,0,0,0,0,0,0,0
4904224,4000,101,540,2,320,220,0,0,0,0,0,0,0,0,0,2650,0,0,0,0,0,0,0,0,0
4904225,5500,91,4030,2,1920,2110,0,0,0,0,0,0,0,0,0,3500,0,0,0,0,0,0,0,0,0
4904226,1800,105,690,2,260,430,0,0,0,0,0,0,0,0,0,1500,0,0,0,0,0,0,0,0,0
4904227,4300,92,1190,2,730,460,0,0,0,0,0,0,0,0,0,2450,0,0,0,0,0,0,0,0,0
4904228,9100,89,7400,3,3400,2400,1600,0,0,0,0,0,0,0,0,5350,1400,0,0,0,0,0,0,0,0
4904229,4100,86,770,2,480,290,0,0,0,0,0,0,0,0,0,2450,0,0,0,0,0,0,0,0,0
4904230,5100,110,1820,2,1160,660,0,0,0,0,0,0,0,0,0,3750,0,0,0,0,0,0,0,0,0
4904231,15600,83,13800,4,3500,5200,3300,1800,0,0,0,0,0,0,0,3700,8550,1250,0,0,0,0,0,0,0
4904232,5600,99,3760,2,1610,2150,0,0,0,0,0,0,0,0,0,3500,0,0,0,0,0,0,0,0,0
4904233,5800,101,4080,2,1890,2190,0,0,0,0,0,0,0,0,0,3500,0,0,0,0,0,0,0,0,0
4904234,4000,78,490,2,290,200,0,0,0,0,0,0,0,0,0,2300,0,0,0,0,0,0,0,0,0
4904235,3900,81,840,2,490,350,0,0,0,0,0,0,0,0,0,2350,0,0,0,0,0,0,0,0,0
4904236,3000,116,470,2,290,180,0,0,0,0,0,0,0,0,0,2450,0,0,0,0,0,0,0,0,0
4904237,4500,91,1390,2,810,580,0,0,0,0,0,0,0,0,0,2450,0,0,0,0,0,0,0,0,0
4904238,4000,91,1440,2,790,650,0,0,0,0,0,0,0,0,0,2350,0,0,0,0,0,0,0,0,0
4904239,1600,92,150,2,40,110,0,0,0,0,0,0,0,0,0,1250,0,0,0,0,0,0,0,0,0
4904240,3900,74,1030,2,580,450,0,0,0,0,0,0,0,0,0,2350,0,0,0,0,0,0,0,0,0
4904241,10800,91,7800,4,2600,2000,2200,1000,0,0,0,0,0,0,0,4550,4450,1200,0,0,0,0,0,0,0
4904242,12600,89,5500,4,2900,1300,1100,200,0,0,0,0,0,0,0,4500,4400,1200,0,0,0,0,0,0,0
4904243,9700,88,14100,3,5400,5000,3700,0,0,0,0,0,0,0,0,5300,1200,0,0,0,0,0,0,0,0
4904244,4100,76,650,2,420,230,0,0,0,0,0,0,0,0,0,2550,0,0,0,0,0,0,0,0,0
4904245,4000,113,1000,2,550,450,0,0,0,0,0,0,0,0,0,2750,0,0,0,0,0,0,0,0,0
4904246,4300,101,1230,2,740,490,0,0,0,0,0,0,0,0,0,2450,0,0,0,0,0,0,0,0,0
4904247,4100,105,1380,2,680,700,0,0,0,0,0,0,0,0,0,2450,0,0,0,0,0,0,0,0,0
4904248,4500,78,1310,2,810,500,0,0,0,0,0,0,0,0,0,2500,0,0,0,0,0,0,0,0,0
4904249,4500,94,820,2,540,280,0,0,0,0,0,0,0,0,0,2400,0,0,0,0,0,0,0,0,0
4904250,3800,111,1070,2,630,440,0,0,0,0,0,0,0,0,0,2350,0,0,0,0,0,0,0,0,0
4904251,4400,92,1180,2,690,490,0,0,0,0,0,0,0,0,0,2350,0,0,0,0,0,0,0,0,0
4904252,4000,93,2240,2,1340,900,0,0,0,0,0,0,0,0,0,2700,0,0,0,0,0,0,0,0,0
4904253,18200,87,42800,7,3800,9100,4700,6300,6600,6400,5900,0,0,0,0,3200,1300,5100,1200,3500,1200,0,0,0,0
4904254,8400,88,11100,2,3600,7500,0,0,0,0,0,0,0,0,0,5200,0,0,0,0,0,0,0,0,0
4904255,4200,90,1090,2,640,450,0,0,0,0,0,0,0,0,0,2550,0,0,0,0,0,0,0,0,0
4904256,3800,80,1080,2,660,420,0,0,0,0,0,0,0,0,0,2350,0,0,0,0,0,0,0,0,0
4904257,4200,99,1240,2,780,460,0,0,0,0,0,0,0,0,0,2450,0,0,0,0,0,0,0,0,0
4904258,4000,99,1260,2,670,590,0,0,0,0,0,0,0,0,0,2600,0,0,0,0,0,0,0,0,0
4904259,4200,98,1540,2,930,610,0,0,0,0,0,0,0,0,0,2450,0,0,0,0,0,0,0,0,0
4904260,5600,96,4340,2,1810,2530,0,0,0,0,0,0,0,0,0,3500,0,0,0,0,0,0,0,0,0
4904261,4000,85,970,2,590,380,0,0,0,0,0,0,0,0,0,2450,0,0,0,0,0,0,0,0,0
4904262,4100,76,440,2,250,190,0,0,0,0,0,0,0,0,0,2400,0,0,0,0,0,0,0,0,0
4904263,4300,86,1200,2,790,410,0,0,0,0,0,0,0,0,0,2450,0,0,0,0,0,0,0,0,0
4904264,4400,92,1060,2,630,430,0,0,0,0,0,0,0,0,0,2650,0,0,0,0,0,0,0,0,0
4904265,4100,107,580,2,310,270,0,0,0,0,0,0,0,0,0,2400,0,0,0,0,0,0,0,0,0
4904266,4100,80,520,2,310,210,0,0,0,0,0,0,0,0,0,2450,0,0,0,0,0,0,0,0,0
4904267,3700,108,630,2,330,300,0,0,0,0,0,0,0,0,0,2600,0,0,0,0,0,0,0,0,0
4904268,18200,79,10300,4,3000,3300,1900,2100,0,0,0,0,0,0,0,4200,9050,1200,0,0,0,0,0,0,0
4904269,15500,86,11800,4,3500,4500,1900,1900,0,0,0,0,0,0,0,3300,8450,1200,0,0,0,0,0,0,0
4904270,16400,82,29300,6,3800,6800,1500,5400,5900,5900,0,0,0,0,0,3400,1350,5750,1200,1200,0,0,0,0,0
4904271,7100,101,5000,2,2300,2700,0,0,0,0,0,0,0,0,0,4250,0,0,0,0,0,0,0,0,0
4904272,12600,72,21100,5,3600,7500,3300,3200,3500,0,0,0,0,0,0,3650,3450,1250,1200,0,0,0,0,0,0
4904273,8600,98,6850,3,2530,2430,1890,0,0,0,0,0,0,0,0,5350,1250,0,0,0,0,0,0,0,0
4904274,4500,122,780,2,420,360,0,0,0,0,0,0,0,0,0,2750,0,0,0,0,0,0,0,0,0
4904275,4400,99,1530,2,840,690,0,0,0,0,0,0,0,0,0,2350,0,0,0,0,0,0,0,0,0
4904276,4200,116,1200,2,710,490,0,0,0,0,0,0,0,0,0,2450,0,0,0,0,0,0,0,0,0
4904277,4100,81,470,2,280,190,0,0,0,0,0,0,0,0,0,2650,0,0,0,0,0,0,0,0,0
4904278,8900,83,9800,2,3800,6000,0,0,0,0,0,0,0,0,0,5150,0,0,0,0,0,0,0,0,0
4904279,12900,82,25400,5,2900,6000,5400,5800,5300,0,0,0,0,0,0,3550,3600,1200,1250,0,0,0,0,0,0
4904280,8900,85,7300,2,3600,3700,0,0,0,0,0,0,0,0,0,4750,0,0,0,0,0,0,0,0,0
4904281,10600,77,7400,3,3100,2500,1800,0,0,0,0,0,0,0,0,5350,1200,0,0,0,0,0,0,0,0
4904282,8700,74,5500,2,2700,2800,0,0,0,0,0,0,0,0,0,4800,0,0,0,0,0,0,0,0,0
4904283,4100,94,950,2,600,350,0,0,0,0,0,0,0,0,0,2450,0,0,0,0,0,0,0,0,0
4904284,4200,113,320,2,200,120,0,0,0,0,0,0,0,0,0,2950,0,0,0,0,0,0,0,0,0
4904285,3700,74,1970,2,1150,820,0,0,0,0,0,0,0,0,0,2600,0,0,0,0,0,0,0,0,0
4904286,1700,79,1600,2,960,640,0,0,0,0,0,0,0,0,0,1350,0,0,0,0,0,0,0,0,0
4904287,7900,78,2770,3,1110,840,820,0,0,0,0,0,0,0,0,5050,1300,0,0,0,0,0,0,0,0
4904288,17100,82,10100,5,2900,2300,1200,1900,1800,0,0,0,0,0,0,3450,1200,8750,2200,0,0,0,0,0,0
4904289,4200,73,710,2,380,330,0,0,0,0,0,0,0,0,0,2400,0,0,0,0,0,0,0,0,0
4904290,4000,97,360,2,220,140,0,0,0,0,0,0,0,0,0,2350,0,0,0,0,0,0,0,0,0
4904291,4300,95,1090,2,690,400,0,0,0,0,0,0,0,0,0,2450,0,0,0,0,0,0,0,0,0
4904292,1600,106,160,2,50,110,0,0,0,0,0,0,0,0,0,1300,0,0,0,0,0,0,0,0,0
4904293,4500,97,2330,2,1170,1160,0,0,0,0,0,0,0,0,0,2800,0,0,0,0,0,0,0,0,0
4904294,4000,99,1820,2,1030,790,0,0,0,0,0,0,0,0,0,2550,0,0,0,0,0,0,0,0,0
4904295,4400,97,980,2,550,430,0,0,0,0,0,0,0,0,0,2700,0,0,0,0,0,0,0,0,0
4904296,4100,71,840,2,500,340,0,0,0,0,0,0,0,0,0,2850,0,0,0,0,0,0,0,0,0
4904297,4200,106,1200,2,770,430,0,0,0,0,0,0,0,0,0,2450,0,0,0,0,0,0,0,0,0
4904298,4000,104,1210,2,790,420,0,0,0,0,0,0,0,0,0,2450,0,0,0,0,0,0,0,0,0
4904299,9500,69,9400,3,2600,3400,3400,0,0,0,0,0,0,0,0,5100,1200,0,0,0,0,0,0,0,0
4904300,8000,73,7900,2,1700,6200,0,0,0,0,0,0,0,0,0,4500,0,0,0,0,0,0,0,0,0
4904301,5000,100,1780,2,1100,680,0,0,0,0,0,0,0,0,0,3150,0,0,0,0,0,0,0,0,0
4904302,4500,100,1470,2,860,610,0,0,0,0,0,0,0,0,0,2450,0,0,0,0,0,0,0,0,0
4904303,4000,102,1480,2,840,640,0,0,0,0,0,0,0,0,0,2500,0,0,0,0,0,0,0,0,0
4904304,9300,74,17500,3,3100,7300,7100,0,0,0,0,0,0,0,0,5100,1350,0,0,0,0,0,0,0,0
4904305,4500,95,590,2,360,230,0,0,0,0,0,0,0,0,0,2500,0,0,0,0,0,0,0,0,0
4904306,3700,74,1970,2,1150,820,0,0,0,0,0,0,0,0,0,2600,0,0,0,0,0,0,0,0,0
4904307,15900,74,24700,6,3800,4900,3600,3600,3500,5300,0,0,0,0,0,3500,1250,5500,1100,1300,0,0,0,0,0
4904308,4700,92,2640,2,1270,1370,0,0,0,0,0,0,0,0,0,3100,0,0,0,0,0,0,0,0,0
4904309,4500,122,1100,2,680,420,0,0,0,0,0,0,0,0,0,2450,0,0,0,0,0,0,0,0,0
4904310,4200,65,1140,2,710,430,0,0,0,0,0,0,0,0,0,2350,0,0,0,0,0,0,0,0,0
4904311,4500,102,1040,2,600,440,0,0,0,0,0,0,0,0,0,2700,0,0,0,0,0,0,0,0,0
4904312,4200,102,1170,2,740,430,0,0,0,0,0,0,0,0,0,2450,0,0,0,0,0,0,0,0,0
4904313,4300,91,1220,2,750,470,0,0,0,0,0,0,0,0,0,2450,0,0,0,0,0,0,0,0,0
4904314,4300,85,1060,2,660,400,0,0,0,0,0,0,0,0,0,2400,0,0,0,0,0,0,0,0,0
4904315,1500,94,150,2,30,120,0,0,0,0,0,0,0,0,0,1250,0,0,0,0,0,0,0,0,0
4904316,4400,82,1260,2,710,550,0,0,0,0,0,0,0,0,0,2450,0,0,0,0,0,0,0,0,0
4904317,4200,96,1150,2,670,480,0,0,0,0,0,0,0,0,0,2500,0,0,0,0,0,0,0,0,0
4904318,4400,88,1220,2,760,460,0,0,0,0,0,0,0,0,0,2500,0,0,0,0,0,0,0,0,0
4904319,4200,100,660,2,360,300,0,0,0,0,0,0,0,0,0,2600,0,0,0,0,0,0,0,0,0
4904320,4400,79,820,2,450,370,0,0,0,0,0,0,0,0,0,2550,0,0,0,0,0,0,0,0,0